Seg,Point,ID,Tag No.,Type,Combination,Nominal,GlobalFX,GlobalFY,GlobalFZ,GlobalFR,GlobalDX,GlobalDY,GlobalDZ,GlobalDR,LocalDir1,Force1,Disp1,Gap1,LocalDir2,Force2,Disp2,Gap2,LocalDir3,Force3,Disp3,Gap3,Stiffness,Friction,ColdLoad,CoordX,CoordY,CoordZ
A,A01,A01  1,,Shoe,COLD,24,0,-5349,0,5349,0,0,0,0,down,5349,0,0,#NAME?,0,0,0,#NAME?,0,0,0,10000000000,0.15,0,0,33.83,-19.98
A,A01,A01  1,,Shoe,OPERATING,24,0,-5376,806,5436,0,0,0.029,0.029,down,5376,0,0,#NAME?,806,0.029,0,#NAME?,0,0,0,10000000000,0.15,0,0,33.83,-19.98
A,A02,A02  1,,Guide,COLD,24,0,-4620,0,4620,0,0,0,0,down,4620,0,0,rght,0,0,0.13,forw,0,0,0,10000000000,0.15,0,0,33.83,-40.02
A,A02,A02  1,,Guide,OPERATING,24,0,-4627,694,4679,0,0,0.059,0.059,down,4627,0,0,left,0,0,0.13,back,694,0.059,0,10000000000,0.15,0,0,33.83,-40.02
A,A05,A05  1,,Shoe,COLD,18,0,-2835,0,2835,0,0,0,0,down,2835,0,0,#NAME?,0,0,0,#NAME?,0,0,0,10000000000,0.15,0,0,33.58,-60.08
A,A05,A05  1,,Shoe,OPERATING,18,0,-2800,420,2831,0,0,0.089,0.089,down,2800,0,0,#NAME?,420,0.089,0,#NAME?,0,0,0,10000000000,0.15,0,0,33.58,-60.08
A,A06,A06  1,,Guide,COLD,18,0,-3061,0,3061,0,0,-0.001,0.001,down,3061,0,0,rght,0,0,0.13,forw,0,0.001,0,10000000000,0.15,0,0,33.58,-79.98
A,A06,A06  1,,Guide,OPERATING,18,0,-3068,460,3102,0,0,0.118,0.118,down,3068,0,0,left,0,0,0.13,back,460,0.118,0,10000000000,0.15,0,0,33.58,-79.98
A,A07,A07  1,,Shoe,COLD,18,0,-2923,0,2923,0,0,-0.001,0.001,down,2923,0,0,#NAME?,0,0.001,0,#NAME?,0,0,0,10000000000,0.15,0,0,33.58,-100.08
A,A07,A07  1,,Shoe,OPERATING,18,0,-2930,440,2963,0,0,0.148,0.148,down,2930,0,0,#NAME?,440,0.148,0,#NAME?,0,0,0,10000000000,0.15,0,0,33.58,-100.08
A,A08,A08  1,,Guide,COLD,18,0,-3276,0,3276,0,0,-0.001,0.001,down,3276,0,0,rght,0,0,0.13,forw,0,0.001,0,10000000000,0.15,0,0,33.58,-119.98
A,A08,A08  1,,Guide,OPERATING,18,0,-3240,486,3277,0,0,0.178,0.178,down,3240,0,0,left,0,0,0.13,back,486,0.178,0,10000000000,0.15,0,0,33.58,-119.98
A,A09,A09  1,,Shoe,COLD,18,0,-770,0,770,0,0,-0.002,0.002,down,770,0,0,#NAME?,0,0.002,0,#NAME?,0,0,0,10000000000,0.15,0,0,33.58,-140.08
A,A09,A09  1,,Shoe,OPERATING,18,0,-1130,170,1143,0,0,0.208,0.208,down,1130,0,0,#NAME?,170,0.208,0,#NAME?,0,0,0,10000000000,0.15,0,0,33.58,-140.08
A,A10,A10  1,,Guide,COLD,18,0,-5744,0,5744,0,0,-0.002,0.002,down,5744,0,0,rght,0,0,0.13,forw,0,0.002,0,10000000000,0.15,0,0,33.58,-149.98
A,A10,A10  1,,Guide,OPERATING,18,2,-5416,812,5476,0.001,0,0.223,0.223,down,5416,0,0,rght,2,0.001,0.13,back,812,0.223,0,10000000000,0.15,0,0,33.58,-149.98
A,A17,A17  1,,Guide,COLD,18,0,-5585,0,5585,0,0,0.002,0.002,down,5585,0,0,left,0,0,0.13,back,0,0.002,0,10000000000,0.15,0,0,33.58,-169.97
A,A17,A17  1,,Guide,OPERATING,18,-2,-5250,-787,5308,-0.001,0,-0.225,0.225,down,5250,0,0,left,2,0.001,0.13,forw,787,0.225,0,10000000000,0.15,0,0,33.58,-169.97
A,A18,A18  1,,Shoe,COLD,18,0,-921,0,921,0,0,0.002,0.002,down,921,0,0,#NAME?,0,0.002,0,#NAME?,0,0,0,10000000000,0.15,0,0,33.58,-180.07
A,A18,A18  1,,Shoe,OPERATING,18,0,-1284,-193,1298,0,0,-0.209,0.209,down,1284,0,0,#NAME?,193,0.209,0,#NAME?,0,0,0,10000000000,0.15,0,0,33.58,-180.07
A,A19,A19  1,,Guide,COLD,18,0,-3290,0,3290,0,0,0.002,0.002,down,3290,0,0,left,0,0,0.13,back,0,0.002,0,10000000000,0.15,0,0,33.58,-199.97
A,A19,A19  1,,Guide,OPERATING,18,0,-3252,-488,3289,0,0,-0.179,0.179,down,3252,0,0,rght,0,0,0.13,forw,488,0.179,0,10000000000,0.15,0,0,33.58,-199.97
A,A20,A20  1,,Shoe,COLD,18,0,-2857,0,2857,0,0,0.001,0.001,down,2857,0,0,#NAME?,0,0.001,0,#NAME?,0,0,0,10000000000,0.15,0,0,33.58,-220.07
A,A20,A20  1,,Shoe,OPERATING,18,0,-2867,-430,2899,0,0,-0.149,0.149,down,2867,0,0,#NAME?,430,0.149,0,#NAME?,0,0,0,10000000000,0.15,0,0,33.58,-220.07
A,A21,A21  1,,Shoe,COLD,18,0,-3307,0,3307,0,0,0.001,0.001,down,3307,0,0,#NAME?,0,0.001,0,#NAME?,0,0,0,10000000000,0.15,0,0,33.58,-240.01
A,A21,A21  1,,Shoe,OPERATING,18,0,-3305,-496,3342,0,0,-0.119,0.119,down,3305,0,0,#NAME?,496,0.119,0,#NAME?,0,0,0,10000000000,0.15,0,0,33.58,-240.01
A,A22,A22  1,,Shoe,COLD,18,0,-3291,0,3291,0,0,0.001,0.001,down,3291,0,0,#NAME?,0,0.001,0,#NAME?,0,0,0,10000000000,0.15,0,0,33.58,-263.03
A,A22,A22  1,,Shoe,OPERATING,18,-1,-3292,-494,3329,0,0,-0.086,0.086,down,3292,0,0,#NAME?,494,0.086,0,#NAME?,1,0,0,10000000000,0.15,0,0,33.58,-263.03
A,A23,A23  1,,Guide,COLD,18,0,-2913,0,2913,0,0,0.001,0.001,down,2913,0,0,rght,0,0,0.13,back,0,0.001,0,10000000000,0.15,0,0,33.58,-282.97
A,A23,A23  1,,Guide,OPERATING,18,2,-2907,-436,2940,0,0,-0.057,0.057,down,2907,0,0,rght,2,0,0.13,forw,436,0.057,0,10000000000,0.15,0,0,33.58,-282.97
A,A24,A24  1,,Shoe,COLD,18,0,-3056,0,3056,0,0,0,0,down,3056,0,0,#NAME?,0,0,0,#NAME?,0,0,0,10000000000,0.15,0,0,33.58,-303.03
A,A24,A24  1,,Shoe,OPERATING,18,49,-3080,-459,3114,0.003,0,-0.028,0.028,down,3080,0,0,#NAME?,459,0.028,0,#NAME?,49,0.003,0,10000000000,0.15,0,0,33.58,-303.03
B,B04,B04  1,,Shoe,COLD,6,0,-343,0,343,0.002,0,-0.008,0.008,down,343,0,0,#NAME?,0,0.008,0,#NAME?,0,0.002,0,10000000000,0.3,0,5.43,27.87,-317.56
B,B04,B04  1,,Shoe,OPERATING,6,52,-170,-3,178,0.077,0,-0.013,0.078,down,170,0,0,#NAME?,3,0.013,0,#NAME?,52,0.077,0,10000000000,0.3,0,5.43,27.87,-317.56
B,B07,B07  1,,Guide,COLD,6,0,-340,0,340,0.002,0,-0.008,0.008,down,340,0,0,left,0,0.008,0.06,forw,0,0.002,0,10000000000,0.3,0,15.43,27.87,-317.56
B,B07,B07  1,,Guide,OPERATING,6,115,-379,-1,396,0.06,0,-0.009,0.06,down,379,0,0,left,1,0.009,0.06,forw,115,0.06,0,10000000000,0.3,0,15.43,27.87,-317.56
B,B08,B08  1,,Shoe,COLD,6,0,-241,0,241,0.002,0,-0.008,0.008,down,241,0,0,#NAME?,0,0.008,0,#NAME?,0,0.002,0,10000000000,0.3,0,25.43,27.87,-317.56
B,B08,B08  1,,Shoe,OPERATING,6,70,-231,1,241,0.042,0,-0.008,0.043,down,231,0,0,#NAME?,1,-0.008,0,#NAME?,70,0.042,0,10000000000,0.3,0,25.43,27.87,-317.56
B,B09,B09  1,,Guide,COLD,6,0,-261,0,261,0.002,0,-0.008,0.009,down,261,0,0,left,0,0.008,0.06,forw,0,0.002,0,10000000000,0.3,0,35.43,27.87,-317.56
B,B09,B09  1,,Guide,OPERATING,6,81,-263,0,276,0.025,0,-0.008,0.026,down,263,0,0,rght,0,-0.008,0.06,forw,81,0.025,0,10000000000,0.3,0,35.43,27.87,-317.56
B,B10,B10  1,,Shoe,COLD,6,0,-256,0,256,0.002,0,-0.009,0.009,down,256,0,0,#NAME?,0,0.009,0,#NAME?,0,0.002,0,10000000000,0.3,0,45.43,27.87,-317.56
B,B10,B10  1,,Shoe,OPERATING,6,86,-255,0,269,0.008,0,-0.009,0.012,down,255,0,0,#NAME?,0,0.009,0,#NAME?,86,0.008,0,10000000000,0.3,0,45.43,27.87,-317.56
B,B11,B11  1,,Guide,COLD,6,0,-257,0,257,0.002,0,-0.009,0.009,down,257,0,0,left,0,0.009,0.06,forw,0,0.002,0,10000000000,0.3,0,55.44,27.87,-317.56
B,B11,B11  1,,Guide,OPERATING,6,-73,-257,0,267,-0.009,0,-0.009,0.013,down,257,0,0,left,0,0.009,0.06,back,73,0.009,0,10000000000,0.3,0,55.44,27.87,-317.56
B,B12,B12  1,,Shoe,COLD,6,0,-256,0,256,0.002,0,-0.01,0.01,down,256,0,0,#NAME?,0,0.01,0,#NAME?,0,0.002,0,10000000000,0.3,0,65.44,27.87,-317.56
B,B12,B12  1,,Shoe,OPERATING,6,-75,-256,0,267,-0.026,0,-0.01,0.028,down,256,0,0,#NAME?,0,0.01,0,#NAME?,75,0.026,0,10000000000,0.3,0,65.44,27.87,-317.56
B,B13,B13  1,,Guide,COLD,6,0,-257,0,257,0.002,0,-0.01,0.01,down,257,0,0,left,0,0.01,0.06,forw,0,0.002,0,10000000000,0.3,0,75.44,27.87,-317.56
B,B13,B13  1,,Guide,OPERATING,6,-76,-257,0,268,-0.043,0,-0.01,0.045,down,257,0,0,left,0,0.01,0.06,back,76,0.043,0,10000000000,0.3,0,75.44,27.87,-317.56
B,B14,B14  1,,Shoe,COLD,6,0,-257,0,257,0.002,0,-0.011,0.011,down,257,0,0,#NAME?,0,0.011,0,#NAME?,0,0.002,0,10000000000,0.3,0,85.44,27.87,-317.56
B,B14,B14  1,,Shoe,OPERATING,6,-76,-257,0,268,-0.061,0,-0.011,0.062,down,257,0,0,#NAME?,0,0.011,0,#NAME?,76,0.061,0,10000000000,0.3,0,85.44,27.87,-317.56
B,B15,B15  1,,Guide,COLD,6,0,-257,0,257,0.002,0,-0.011,0.011,down,257,0,0,left,0,0.011,0.06,forw,0,0.002,0,10000000000,0.3,0,95.44,27.87,-317.56
B,B15,B15  1,,Guide,OPERATING,6,-76,-257,0,268,-0.078,0,-0.011,0.079,down,257,0,0,rght,0,-0.011,0.06,back,76,0.078,0,10000000000,0.3,0,95.44,27.87,-317.56
B,B16,B16  1,,Shoe,COLD,6,0,-257,0,257,0.002,0,-0.012,0.012,down,257,0,0,#NAME?,0,0.012,0,#NAME?,0,0.002,0,10000000000,0.3,0,105.44,27.87,-317.56
B,B16,B16  1,,Shoe,OPERATING,6,-76,-257,1,268,-0.096,0,-0.011,0.096,down,257,0,0,#NAME?,1,-0.011,0,#NAME?,76,0.096,0,10000000000,0.3,0,105.44,27.87,-317.56
B,B17,B17  1,,Guide,COLD,6,0,-256,0,256,0.002,0,-0.013,0.013,down,256,0,0,left,0,0.013,0.06,forw,0,0.002,0,10000000000,0.3,0,115.44,27.87,-317.56
B,B17,B17  1,,Guide,OPERATING,6,-76,-256,1,268,-0.114,0,-0.011,0.114,down,256,0,0,rght,1,-0.011,0.06,back,76,0.114,0,10000000000,0.3,0,115.44,27.87,-317.56
B,B18,B18  1,,Shoe,COLD,6,0,-257,0,257,0.002,0,-0.013,0.013,down,257,0,0,#NAME?,0,0.013,0,#NAME?,0,0.002,0,10000000000,0.3,0,125.44,27.87,-317.56
B,B18,B18  1,,Shoe,OPERATING,6,-77,-257,0,268,-0.131,0,-0.013,0.132,down,257,0,0,#NAME?,0,0.013,0,#NAME?,77,0.131,0,10000000000,0.3,0,125.44,27.87,-317.56
B,B19,B19  1,,Guide,COLD,6,0,-254,0,254,0.002,0,-0.014,0.014,down,254,0,0,left,0,0.014,0.06,forw,0,0.002,0,10000000000,0.3,0,135.44,27.87,-317.56
B,B19,B19  1,,Guide,OPERATING,6,-76,-255,-5,266,-0.149,0,-0.025,0.151,down,255,0,0,left,5,0.025,0.06,back,76,0.149,0,10000000000,0.3,0,135.44,27.87,-317.56
B,B20,B20  1,,Shoe,COLD,6,0,-265,0,265,0.002,0,-0.014,0.014,down,265,0,0,#NAME?,0,0.014,0,#NAME?,0,0.002,0,10000000000,0.3,0,145.44,27.87,-317.56
B,B20,B20  1,,Shoe,OPERATING,6,-77,-263,-15,274,-0.167,0,-0.047,0.174,down,263,0,0,#NAME?,15,0.047,0,#NAME?,77,0.167,0,10000000000,0.3,0,145.44,27.87,-317.56
B,B21,B21  1,,Guide,COLD,6,0,-228,0,228,0.002,0,-0.015,0.015,down,228,0,0,left,0,0.015,0.06,forw,0,0.002,0,10000000000,0.3,0,155.44,27.87,-317.56
B,B21,B21  1,,Guide,OPERATING,6,-67,-230,-15,241,-0.185,0,-0.058,0.194,down,230,0,0,left,15,0.058,0.06,back,67,0.185,0,10000000000,0.3,0,155.44,27.87,-317.56
B,B23,B23  1,,Shoe,COLD,6,0,-414,0,414,0.002,0,-0.015,0.015,down,414,0,0,#NAME?,0,0.015,0,#NAME?,0,0.002,0,10000000000,0.3,0,161.32,27.87,-323.15
B,B23,B23  1,,Shoe,OPERATING,6,-125,-435,17,453,-0.019,0,-0.012,0.022,down,435,0,0,#NAME?,17,-0.012,0,#NAME?,125,0.019,0,10000000000,0.3,0,161.32,27.87,-323.15
B,B26,B26  1,,Guide,COLD,6,0,-276,0,276,0.027,0,0.026,0.037,down,276,0,0,rght,0,0.026,0.06,forw,0,0.027,0,10000000000,0.3,0,166.65,21.24,-326.56
B,B26,B26  1,,Guide,OPERATING,6,70,-233,0,243,0.057,0,0.026,0.063,down,233,0,0,left,0,-0.026,0.06,forw,70,0.057,0,10000000000,0.3,0,166.65,21.24,-326.56
B,B27,B27  1,,Shoe,COLD,6,0,-192,0,192,0.027,0,0.021,0.034,down,192,0,0,#NAME?,0,0.021,0,#NAME?,0,0.027,0,10000000000,0.3,0,174.65,21.24,-326.56
B,B27,B27  1,,Shoe,OPERATING,6,64,-220,17,230,0.043,0,0.026,0.05,down,220,0,0,#NAME?,17,0.026,0,#NAME?,64,0.043,0,10000000000,0.3,0,174.65,21.24,-326.56
B,B28,B28  1,,Guide,COLD,6,0,-138,0,138,0.027,0,0.016,0.031,down,138,0,0,rght,0,0.016,0.06,forw,0,0.027,0,10000000000,0.3,0,183.56,21.24,-326.56
B,B28,B28  1,,Guide,OPERATING,6,-10,-130,18,131,0.026,0,0.016,0.031,down,130,0,0,rght,18,0.016,0.06,back,10,-0.026,0,10000000000,0.3,0,183.56,21.24,-326.56
B,B29,B29  1,,Shoe,COLD,6,0,-318,0,318,0.027,0,0.011,0.029,down,318,0,0,#NAME?,0,0.011,0,#NAME?,0,0.027,0,10000000000,0.3,0,190.65,21.24,-326.56
B,B29,B29  1,,Shoe,OPERATING,6,-84,-328,-51,343,0.013,0,0.003,0.014,down,328,0,0,#NAME?,51,-0.003,0,#NAME?,84,-0.013,0,10000000000,0.3,0,190.65,21.24,-326.56
B,B31,B31  1,,Guide,COLD,6,0,-343,0,343,0.023,0,0.007,0.024,down,343,0,0,rght,0,0.023,0.06,back,0,0.007,0,10000000000,0.3,0,197.67,21.24,-333.15
B,B31,B31  1,,Guide,OPERATING,6,-46,-339,-91,354,0.014,0,-0.011,0.017,down,339,0,0,left,46,-0.014,0.06,forw,91,0.011,0,10000000000,0.3,0,197.67,21.24,-333.15
B,B32,B32  1,,Shoe,COLD,6,0,-211,0,211,0.017,0,0.007,0.019,down,211,0,0,#NAME?,0,0.007,0,#NAME?,0,0.017,0,10000000000,0.3,0,197.67,21.24,-343.15
B,B32,B32  1,,Shoe,OPERATING,6,36,-187,27,192,0.018,0,0.008,0.019,down,187,0,0,#NAME?,27,0.008,0,#NAME?,36,0.018,0,10000000000,0.3,0,197.67,21.24,-343.15
B,B33,B33  1,,Guide,COLD,6,0,-232,0,232,0.012,0,0.007,0.014,down,232,0,0,rght,0,0.012,0.06,back,0,0.007,0,10000000000,0.3,0,197.67,21.24,-353.15
B,B33,B33  1,,Guide,OPERATING,6,-9,-302,90,315,0.01,0,0.026,0.028,down,302,0,0,left,9,-0.01,0.06,back,90,0.026,0,10000000000,0.3,0,197.67,21.24,-353.15
B,B220,B220 1,,Guide,COLD,6,0,-352,0,352,0.019,0,0.019,0.027,down,352,0,0,left,0,0.019,0.06,forw,0,0.019,0,10000000000,0.3,0,197.67,13.14,-356.88
B,B220,B220 1,,Guide,OPERATING,6,81,-294,38,307,0.059,0,0.037,0.07,down,294,0,0,left,81,0.059,0.06,forw,38,0.037,0,10000000000,0.3,0,197.67,13.14,-356.88
B,B37,B37  1,,Shoe,COLD,6,0,-228,0,228,0.022,0,0.017,0.028,down,228,0,0,#NAME?,0,0.017,0,#NAME?,0,0.022,0,10000000000,0.3,0,201.11,13.14,-350.43
B,B37,B37  1,,Shoe,OPERATING,6,75,-252,-8,263,0.26,0,-0.008,0.26,down,252,0,0,#NAME?,8,0.008,0,#NAME?,75,0.26,0,10000000000,0.3,0,201.11,13.14,-350.43
B,B38,B38  1,,Guide,COLD,6,0,-293,0,293,0.022,0,0.014,0.026,down,293,0,0,rght,0,0.014,0.06,forw,0,0.022,0,10000000000,0.3,0,209.11,13.14,-350.43
B,B38,B38  1,,Guide,OPERATING,6,82,-277,-15,289,0.245,0,-0.027,0.247,down,277,0,0,left,15,0.027,0.06,forw,82,0.245,0,10000000000,0.3,0,209.11,13.14,-350.43
B,B39,B39  1,,Shoe,COLD,6,0,-334,0,334,0.022,0,0.007,0.024,down,334,0,0,#NAME?,0,0.007,0,#NAME?,0,0.022,0,10000000000,0.3,0,223.63,13.14,-350.43
B,B39,B39  1,,Shoe,OPERATING,6,101,-337,-8,352,0.219,0,-0.008,0.219,down,337,0,0,#NAME?,8,0.008,0,#NAME?,101,0.219,0,10000000000,0.3,0,223.63,13.14,-350.43
B,B40,B40  1,,Guide,COLD,6,0,-164,0,164,0.022,0,0.004,0.023,down,164,0,0,rght,0,0.004,0.06,forw,0,0.022,0,10000000000,0.3,0,231.98,13.14,-350.43
B,B40,B40  1,,Guide,OPERATING,6,49,-163,-1,170,0.204,0,0,0.204,down,163,0,0,left,1,0,0.06,forw,49,0.204,0,10000000000,0.3,0,231.98,13.14,-350.43
B,B41,B41  1,,Shoe,COLD,6,0,-215,0,215,0.022,0,0.001,0.022,down,215,0,0,#NAME?,0,0.001,0,#NAME?,0,0.022,0,10000000000,0.3,0,239.98,13.14,-350.43
B,B41,B41  1,,Shoe,OPERATING,6,65,-215,0,224,0.19,0,0.002,0.19,down,215,0,0,#NAME?,0,0.002,0,#NAME?,65,0.19,0,10000000000,0.3,0,239.98,13.14,-350.43
B,B42,B42  1,,Guide,COLD,6,0,-210,0,210,0.022,0,-0.002,0.022,down,210,0,0,left,0,0.002,0.06,forw,0,0.022,0,10000000000,0.3,0,247.98,13.14,-350.43
B,B42,B42  1,,Guide,OPERATING,6,63,-210,1,219,0.176,0,0,0.176,down,210,0,0,rght,1,0,0.06,forw,63,0.176,0,10000000000,0.3,0,247.98,13.14,-350.43
B,B43,B43  1,,Shoe,COLD,6,0,-177,0,177,0.022,0,-0.005,0.023,down,177,0,0,#NAME?,0,0.005,0,#NAME?,0,0.022,0,10000000000,0.3,0,255.98,13.14,-350.43
B,B43,B43  1,,Shoe,OPERATING,6,53,-177,0,185,0.162,0,-0.004,0.162,down,177,0,0,#NAME?,0,-0.004,0,#NAME?,53,0.162,0,10000000000,0.3,0,255.98,13.14,-350.43
B,B44,B44  1,,Guide,COLD,6,0,-287,0,287,0.022,0,-0.007,0.023,down,287,0,0,left,0,0.007,0.06,forw,0,0.022,0,10000000000,0.3,0,263.98,13.14,-350.43
B,B44,B44  1,,Guide,OPERATING,6,87,-287,0,300,0.148,0,-0.007,0.148,down,287,0,0,rght,0,-0.007,0.06,forw,87,0.148,0,10000000000,0.3,0,263.98,13.14,-350.43
B,B45,B45  1,,Shoe,COLD,6,0,-266,0,266,0.022,0,-0.011,0.025,down,266,0,0,#NAME?,0,0.011,0,#NAME?,0,0.022,0,10000000000,0.3,0,276.48,13.14,-350.43
B,B45,B45  1,,Shoe,OPERATING,6,80,-266,0,278,0.126,0,-0.012,0.127,down,266,0,0,#NAME?,0,0.012,0,#NAME?,80,0.126,0,10000000000,0.3,0,276.48,13.14,-350.43
B,B46,B46  1,,Guide,COLD,6,0,-118,0,118,0.022,0,-0.013,0.026,down,118,0,0,left,0,0.013,0.06,forw,0,0.022,0,10000000000,0.3,0,281.7,13.14,-350.43
B,B46,B46  1,,Guide,OPERATING,6,36,-118,-1,123,0.117,0,-0.014,0.118,down,118,0,0,left,1,0.014,0.06,forw,36,0.117,0,10000000000,0.3,0,281.7,13.14,-350.43
B,B47,B47  1,,Shoe,COLD,6,0,-219,0,219,0.022,0,-0.015,0.027,down,219,0,0,#NAME?,0,0.015,0,#NAME?,0,0.022,0,10000000000,0.3,0,289.7,13.14,-350.43
B,B47,B47  1,,Shoe,OPERATING,6,66,-219,-2,229,0.103,0,-0.018,0.105,down,219,0,0,#NAME?,2,0.018,0,#NAME?,66,0.103,0,10000000000,0.3,0,289.7,13.14,-350.43
B,B48,B48  1,,Guide,COLD,6,0,-205,0,205,0.022,0,-0.017,0.028,down,205,0,0,left,0,0.017,0.06,forw,0,0.022,0,10000000000,0.3,0,297.7,13.14,-350.43
B,B48,B48  1,,Guide,OPERATING,6,62,-205,-2,214,0.089,0,-0.02,0.092,down,205,0,0,left,2,0.02,0.06,forw,62,0.089,0,10000000000,0.3,0,297.7,13.14,-350.43
B,B49,B49  1,,Shoe,COLD,6,0,-190,0,190,0.022,0,-0.019,0.029,down,190,0,0,#NAME?,0,0.019,0,#NAME?,0,0.022,0,10000000000,0.3,0,305.7,13.14,-350.43
B,B49,B49  1,,Shoe,OPERATING,6,58,-191,7,199,0.076,0,-0.013,0.077,down,191,0,0,#NAME?,7,-0.013,0,#NAME?,58,0.076,0,10000000000,0.3,0,305.7,13.14,-350.43
B,B50,B50  1,,Guide,COLD,6,0,-175,0,175,0.022,0,-0.02,0.03,down,175,0,0,left,0,0.02,0.06,forw,0,0.022,0,10000000000,0.3,0,312.5,13.14,-350.43
B,B50,B50  1,,Guide,OPERATING,6,45,-175,29,183,0.064,0,0.007,0.065,down,175,0,0,rght,29,0.007,0.06,forw,45,0.064,0,10000000000,0.3,0,312.5,13.14,-350.43
B,B51,B51  1,,Shoe,COLD,6,0,-213,0,213,0.022,0,-0.022,0.031,down,213,0,0,#NAME?,0,0.022,0,#NAME?,0,0.022,0,10000000000,0.3,0,319.59,13.14,-350.43
B,B51,B51  1,,Shoe,OPERATING,6,31,-217,57,226,0.052,0,0.033,0.062,down,217,0,0,#NAME?,57,0.033,0,#NAME?,31,0.052,0,10000000000,0.3,0,319.59,13.14,-350.43
B,B53,B53  1,,Guide,COLD,6,0,-27,0,27,0.022,0,-0.022,0.032,down,27,0,0,left,0,0.022,0.06,forw,0,0.022,0,10000000000,0.3,0,322.73,13.14,-350.43
B,B53,B53  1,,Guide,OPERATING,6,3,-28,8,29,0.047,0,0.037,0.06,down,28,0,0,rght,8,0.037,0.06,forw,3,0.047,0,10000000000,0.3,0,322.73,13.14,-350.43
B,B56,B56  1,,Shoe,COLD,4,0,-110,0,110,0.022,0,-0.024,0.033,down,110,0,0,#NAME?,0,0.024,0,#NAME?,0,0.022,0,10000000000,0.3,0,325.36,13.06,-350.43
B,B56,B56  1,,Shoe,OPERATING,4,10,-87,25,91,0.043,0,0.029,0.052,down,87,0,0,#NAME?,25,0.029,0,#NAME?,10,0.043,0,10000000000,0.3,0,325.36,13.06,-350.43
B,B57,B57  1,,Guide,COLD,4,0,-112,0,112,0.022,0,-0.026,0.034,down,112,0,0,left,0,0.026,0.06,forw,0,0.022,0,10000000000,0.3,0,334.09,13.06,-350.43
B,B57,B57  1,,Guide,OPERATING,4,28,-113,26,120,0.028,0,-0.021,0.035,down,113,0,0,rght,26,-0.021,0.06,forw,28,0.028,0,10000000000,0.3,0,334.09,13.06,-350.43
B,B58,B58  1,,Shoe,COLD,4,0,-101,0,101,0.022,0,-0.028,0.036,down,101,0,0,#NAME?,0,0.028,0,#NAME?,0,0.022,0,10000000000,0.3,0,341.36,13.06,-350.43
B,B58,B58  1,,Shoe,OPERATING,4,-25,-100,-9,104,0.017,0,-0.03,0.035,down,100,0,0,#NAME?,9,0.03,0,#NAME?,25,-0.017,0,10000000000,0.3,0,341.36,13.06,-350.43
B,B59,B59  1,,Guide,COLD,4,0,-111,0,111,0.022,0,-0.031,0.038,down,111,0,0,left,0,0.031,0.06,forw,0,0.022,0,10000000000,0.3,0,349.36,13.06,-350.43
B,B59,B59  1,,Guide,OPERATING,4,-32,-111,-1,115,0.004,0,-0.031,0.031,down,111,0,0,left,1,0.031,0.06,back,32,-0.004,0,10000000000,0.3,0,349.36,13.06,-350.43
B,B60,B60  1,,Shoe,COLD,4,0,-113,0,113,0.022,0,-0.034,0.04,down,113,0,0,#NAME?,0,0.034,0,#NAME?,0,0.022,0,10000000000,0.3,0,357.36,13.06,-350.43
B,B60,B60  1,,Shoe,OPERATING,4,-33,-113,0,118,-0.01,0,-0.034,0.035,down,113,0,0,#NAME?,0,-0.034,0,#NAME?,33,0.01,0,10000000000,0.3,0,357.36,13.06,-350.43
B,B61,B61  1,,Guide,COLD,4,0,-94,0,94,0.022,0,-0.037,0.043,down,94,0,0,left,0,0.037,0.06,forw,0,0.022,0,10000000000,0.3,0,365.36,13.06,-350.43
B,B61,B61  1,,Guide,OPERATING,4,-28,-94,0,98,-0.023,0,-0.037,0.043,down,94,0,0,rght,0,-0.037,0.06,back,28,0.023,0,10000000000,0.3,0,365.36,13.06,-350.43
B,B62,B62  1,,Shoe,COLD,4,0,-153,0,153,0.022,0,-0.04,0.046,down,153,0,0,#NAME?,0,0.04,0,#NAME?,0,0.022,0,10000000000,0.3,0,373.36,13.06,-350.43
B,B62,B62  1,,Shoe,OPERATING,4,-45,-153,0,160,-0.036,0,-0.04,0.054,down,153,0,0,#NAME?,0,-0.04,0,#NAME?,45,0.036,0,10000000000,0.3,0,373.36,13.06,-350.43
B,B63,B63  1,,Guide,COLD,4,0,-153,0,153,0.022,0,-0.045,0.05,down,153,0,0,left,0,0.045,0.06,forw,0,0.022,0,10000000000,0.3,0,385.96,13.06,-350.43
B,B63,B63  1,,Guide,OPERATING,4,-46,-153,0,160,-0.057,0,-0.045,0.073,down,153,0,0,left,0,0.045,0.06,back,46,0.057,0,10000000000,0.3,0,385.96,13.06,-350.43
B,B64,B64  1,,Shoe,COLD,4,0,-95,0,95,0.022,0,-0.048,0.053,down,95,0,0,#NAME?,0,0.048,0,#NAME?,0,0.022,0,10000000000,0.3,0,393.96,13.06,-350.43
B,B64,B64  1,,Shoe,OPERATING,4,-28,-95,0,99,-0.071,0,-0.048,0.085,down,95,0,0,#NAME?,0,0.048,0,#NAME?,28,0.071,0,10000000000,0.3,0,393.96,13.06,-350.43
B,B65,B65  1,,Guide,COLD,4,0,-111,0,111,0.022,0,-0.051,0.056,down,111,0,0,left,0,0.051,0.06,forw,0,0.022,0,10000000000,0.3,0,401.96,13.06,-350.43
B,B65,B65  1,,Guide,OPERATING,4,-33,-111,0,116,-0.084,0,-0.051,0.098,down,111,0,0,rght,0,-0.051,0.06,back,33,0.084,0,10000000000,0.3,0,401.96,13.06,-350.43
B,B66,B66  1,,Shoe,COLD,4,0,-119,0,119,0.022,0,-0.054,0.058,down,119,0,0,#NAME?,0,0.054,0,#NAME?,0,0.022,0,10000000000,0.3,0,409.96,13.06,-350.43
B,B66,B66  1,,Shoe,OPERATING,4,-36,-119,0,124,-0.098,0,-0.054,0.112,down,119,0,0,#NAME?,0,-0.054,0,#NAME?,36,0.098,0,10000000000,0.3,0,409.96,13.06,-350.43
B,B67,B67  1,,Guide,COLD,4,0,-63,0,63,0.022,0,-0.056,0.06,down,63,0,0,left,0,0.056,0.06,forw,0,0.022,0,10000000000,0.3,0,417.96,13.06,-350.43
B,B67,B67  1,,Guide,OPERATING,4,-19,-63,0,66,-0.112,0,-0.056,0.125,down,63,0,0,rght,0,-0.056,0.06,back,19,0.112,0,10000000000,0.3,0,417.96,13.06,-350.43
B,B68,B68  1,,Shoe,COLD,4,0,-190,0,190,0.022,0,-0.058,0.062,down,190,0,0,#NAME?,0,0.058,0,#NAME?,0,0.022,0,10000000000,0.3,0,425.07,13.06,-350.43
B,B68,B68  1,,Shoe,OPERATING,4,-57,-190,0,199,-0.124,0,-0.058,0.136,down,190,0,0,#NAME?,0,-0.058,0,#NAME?,57,0.124,0,10000000000,0.3,0,425.07,13.06,-350.43
B,B69,B69  1,,Guide,COLD,4,0,-184,0,184,0.022,0,-0.06,0.064,down,184,0,0,left,0,0.06,0.06,forw,0,0.022,0,10000000000,0.3,0,441.1,13.06,-350.43
B,B69,B69  1,,Guide,OPERATING,4,-55,-184,0,192,-0.151,0,-0.06,0.163,down,184,0,0,rght,0,-0.06,0.06,back,55,0.151,0,10000000000,0.3,0,441.1,13.06,-350.43
B,B70,B70  1,,Shoe,COLD,4,0,-71,0,71,0.022,0,-0.06,0.064,down,71,0,0,#NAME?,0,0.06,0,#NAME?,0,0.022,0,10000000000,0.3,0,447.43,13.06,-350.43
B,B70,B70  1,,Shoe,OPERATING,4,-21,-71,0,74,-0.162,0,-0.06,0.173,down,71,0,0,#NAME?,0,-0.06,0,#NAME?,21,0.162,0,10000000000,0.3,0,447.43,13.06,-350.43
B,B71,B71  1,,Guide,COLD,4,0,-135,0,135,0.022,0,-0.06,0.064,down,135,0,0,left,0,0.06,0.06,forw,0,0.022,0,10000000000,0.3,0,457.1,13.06,-350.43
B,B71,B71  1,,Guide,OPERATING,4,-40,-135,0,141,-0.179,0,-0.06,0.189,down,135,0,0,rght,0,-0.06,0.06,back,40,0.179,0,10000000000,0.3,0,457.1,13.06,-350.43
B,B72,B72  1,,Shoe,COLD,4,0,-96,0,96,0.022,0,-0.059,0.063,down,96,0,0,#NAME?,0,0.059,0,#NAME?,0,0.022,0,10000000000,0.3,0,465.1,13.06,-350.43
B,B72,B72  1,,Shoe,OPERATING,4,-29,-96,0,100,-0.193,0,-0.059,0.202,down,96,0,0,#NAME?,0,0.059,0,#NAME?,29,0.193,0,10000000000,0.3,0,465.1,13.06,-350.43
B,B73,B73  1,,Guide,COLD,4,0,-118,0,118,0.022,0,-0.058,0.062,down,118,0,0,left,0,0.058,0.06,forw,0,0.022,0,10000000000,0.3,0,472.73,13.06,-350.43
B,B73,B73  1,,Guide,OPERATING,4,-35,-118,0,123,-0.207,0,-0.058,0.215,down,118,0,0,left,0,0.058,0.06,back,35,0.207,0,10000000000,0.3,0,472.73,13.06,-350.43
B,B74,B74  1,,Shoe,COLD,4,0,-89,0,89,0.022,0,-0.055,0.06,down,89,0,0,#NAME?,0,0.055,0,#NAME?,0,0.022,0,10000000000,0.3,0,481.1,13.06,-350.43
B,B74,B74  1,,Shoe,OPERATING,4,-27,-89,0,92,-0.222,0,-0.055,0.229,down,89,0,0,#NAME?,0,0.055,0,#NAME?,27,0.222,0,10000000000,0.3,0,481.1,13.06,-350.43
B,B75,B75  1,,Guide,COLD,4,0,-172,0,172,0.022,0,-0.053,0.057,down,172,0,0,left,0,0.053,0.06,forw,0,0.022,0,10000000000,0.3,0,489.1,13.06,-350.43
B,B75,B75  1,,Guide,OPERATING,4,-52,-172,0,180,-0.236,0,-0.053,0.242,down,172,0,0,left,0,0.053,0.06,back,52,0.236,0,10000000000,0.3,0,489.1,13.06,-350.43
B,B76,B76  1,,Shoe,COLD,4,0,-166,0,166,0.022,0,-0.047,0.052,down,166,0,0,#NAME?,0,0.047,0,#NAME?,0,0.022,0,10000000000,0.3,0,503.5,13.06,-350.43
B,B76,B76  1,,Shoe,OPERATING,4,-50,-166,0,174,-0.262,0,-0.047,0.266,down,166,0,0,#NAME?,0,-0.047,0,#NAME?,50,0.262,0,10000000000,0.3,0,503.5,13.06,-350.43
B,B77,B77  1,,Guide,COLD,4,0,-61,0,61,0.022,0,-0.045,0.05,down,61,0,0,left,0,0.045,0.06,forw,0,0.022,0,10000000000,0.3,0,509.15,13.06,-350.43
B,B77,B77  1,,Guide,OPERATING,4,-18,-61,0,63,-0.272,0,-0.045,0.276,down,61,0,0,rght,0,-0.045,0.06,back,18,0.272,0,10000000000,0.3,0,509.15,13.06,-350.43
B,B78,B78  1,,Shoe,COLD,4,0,-93,0,93,0.022,0,-0.042,0.047,down,93,0,0,#NAME?,0,0.042,0,#NAME?,0,0.022,0,10000000000,0.3,0,517.15,13.06,-350.43
B,B78,B78  1,,Shoe,OPERATING,4,-28,-93,0,97,-0.287,0,-0.041,0.29,down,93,0,0,#NAME?,0,-0.041,0,#NAME?,28,0.287,0,10000000000,0.3,0,517.15,13.06,-350.43
B,B79,B79  1,,Guide,COLD,4,0,-126,0,126,0.022,0,-0.039,0.045,down,126,0,0,left,0,0.039,0.06,forw,0,0.022,0,10000000000,0.3,0,523.36,13.06,-350.43
B,B79,B79  1,,Guide,OPERATING,4,-38,-126,0,132,-0.298,0,-0.039,0.3,down,126,0,0,rght,0,-0.039,0.06,back,38,0.298,0,10000000000,0.3,0,523.36,13.06,-350.43
B,B80,B80  1,,Shoe,COLD,4,0,-52,0,52,0.022,0,-0.035,0.041,down,52,0,0,#NAME?,0,0.035,0,#NAME?,0,0.022,0,10000000000,0.3,0,533.15,13.06,-350.43
B,B80,B80  1,,Shoe,OPERATING,4,-16,-53,0,55,-0.316,0,-0.035,0.318,down,53,0,0,#NAME?,0,0.035,0,#NAME?,16,0.316,0,10000000000,0.3,0,533.15,13.06,-350.43
B,B81,B81  1,,Guide,COLD,4,0,-234,0,234,0.022,0,-0.032,0.039,down,234,0,0,left,0,0.032,0.06,forw,0,0.022,0,10000000000,0.3,0,539.91,13.06,-350.43
B,B81,B81  1,,Guide,OPERATING,4,-70,-233,0,244,-0.328,0,-0.034,0.33,down,233,0,0,left,0,0.034,0.06,back,70,0.328,0,10000000000,0.3,0,539.91,13.06,-350.43
B,B82,B82  1,,Shoe,COLD,4,0,-235,0,235,0.022,0,-0.024,0.033,down,235,0,0,#NAME?,0,0.024,0,#NAME?,0,0.022,0,10000000000,0.3,0,559.31,13.06,-350.43
B,B82,B82  1,,Shoe,OPERATING,4,-61,-204,-2,213,-0.364,0,-0.034,0.366,down,204,0,0,#NAME?,2,0.034,0,#NAME?,61,0.364,0,10000000000,0.3,0,559.31,13.06,-350.43
B,B85,B85  1,,Guide,COLD,4,0,-79,0,79,0.025,0,-0.019,0.031,down,79,0,0,left,0,0.019,0.06,forw,0,0.025,0,10000000000,0.3,0,569.04,14.48,-350.43
B,B85,B85  1,,Guide,OPERATING,4,-36,-121,0,127,-0.37,0,-0.017,0.37,down,121,0,0,rght,0,-0.017,0.06,back,36,0.37,0,10000000000,0.3,0,569.04,14.48,-350.43
B,B86,B86  1,,Shoe,COLD,4,0,-114,0,114,0.025,0,-0.018,0.03,down,114,0,0,#NAME?,0,0.018,0,#NAME?,0,0.025,0,10000000000,0.3,0,576.58,14.48,-350.43
B,B86,B86  1,,Shoe,OPERATING,4,-29,-98,2,102,-0.384,0,0.016,0.384,down,98,0,0,#NAME?,2,0.016,0,#NAME?,29,0.384,0,10000000000,0.3,0,576.58,14.48,-350.43
B,B87,B87  1,,Guide,COLD,4,0,-51,0,51,0.025,0,-0.017,0.03,down,51,0,0,left,0,0.017,0.06,forw,0,0.025,0,10000000000,0.3,0,582.41,14.48,-350.43
B,B87,B87  1,,Guide,OPERATING,4,-41,-56,86,111,-0.395,0,0.06,0.399,down,56,0,0,rght,86,0.06,0.06,back,41,0.395,0,10000000000,0.3,0,582.41,14.48,-350.43
B,B89,B89  1,,Shoe,COLD,4,0,-113,0,113,0.025,0,-0.017,0.03,down,113,0,0,#NAME?,0,0.017,0,#NAME?,0,0.025,0,10000000000,0.3,0,585.62,14.48,-348.08
B,B89,B89  1,,Shoe,OPERATING,4,-33,-112,8,117,-0.347,0,0.075,0.355,down,112,0,0,#NAME?,8,0.075,0,#NAME?,33,0.347,0,10000000000,0.3,0,585.62,14.48,-348.08
B,B90,B90  1,,Guide,COLD,4,0,-147,0,147,0.026,0,-0.017,0.031,down,147,0,0,left,0,0.026,0.06,back,0,0.017,0,10000000000,0.3,0,585.62,14.48,-337.95
B,B90,B90  1,,Guide,OPERATING,4,-43,-148,32,157,-0.06,0,0.056,0.082,down,148,0,0,rght,43,0.06,0.06,forw,32,0.056,0,10000000000,0.3,0,585.62,14.48,-337.95
B,B91,B91  1,,Shoe,COLD,4,0,-109,0,109,0.027,0,-0.017,0.032,down,109,0,0,#NAME?,0,0.017,0,#NAME?,0,0.027,0,10000000000,0.3,0,585.62,14.48,-328.15
B,B91,B91  1,,Shoe,OPERATING,4,6,-109,32,113,0.037,0,0.037,0.053,down,109,0,0,#NAME?,32,0.037,0,#NAME?,6,0.037,0,10000000000,0.3,0,585.62,14.48,-328.15
B,B92,B92  1,,Guide,COLD,4,0,-22,0,22,0.028,0,-0.017,0.033,down,22,0,0,left,0,0.028,0.06,back,0,0.017,0,10000000000,0.3,0,585.62,14.48,-324.48
B,B92,B92  1,,Guide,OPERATING,4,2,-22,6,23,0.04,0,0.031,0.051,down,22,0,0,left,2,0.04,0.06,forw,6,0.031,0,10000000000,0.3,0,585.62,14.48,-324.48
B,B93,B93  1,,Shoe,COLD,4,0,-117,0,117,0.029,0,-0.017,0.034,down,117,0,0,#NAME?,0,0.017,0,#NAME?,0,0.029,0,10000000000,0.3,0,585.62,14.48,-319.21
B,B93,B93  1,,Shoe,OPERATING,4,7,-117,35,122,0.036,0,0.021,0.042,down,117,0,0,#NAME?,35,0.021,0,#NAME?,7,0.036,0,10000000000,0.3,0,585.62,14.48,-319.21
B,B94,B94  1,,Guide,COLD,4,0,-145,0,145,0.032,0,-0.017,0.036,down,145,0,0,left,0,0.032,0.06,back,0,0.017,0,10000000000,0.3,0,585.62,14.48,-309.24
B,B94,B94  1,,Guide,OPERATING,4,0,-145,43,151,0.032,0,0.002,0.032,down,145,0,0,left,0,0.032,0.06,forw,43,0.002,0,10000000000,0.3,0,585.62,14.48,-309.24
B,B95,B95  1,,Shoe,COLD,4,0,-115,0,115,0.035,0,-0.017,0.039,down,115,0,0,#NAME?,0,0.017,0,#NAME?,0,0.035,0,10000000000,0.3,0,585.62,14.48,-299.27
B,B95,B95  1,,Shoe,OPERATING,4,-1,-115,30,119,0.035,0,-0.016,0.039,down,115,0,0,#NAME?,30,-0.016,0,#NAME?,1,-0.035,0,10000000000,0.3,0,585.62,14.48,-299.27
B,B96,B96  1,,Guide,COLD,4,0,-27,0,27,0.037,0,-0.017,0.041,down,27,0,0,left,0,0.037,0.06,back,0,0.017,0,10000000000,0.3,0,585.62,14.48,-294.3
B,B96,B96  1,,Guide,OPERATING,4,0,-27,-8,28,0.037,0,-0.025,0.045,down,27,0,0,left,0,0.037,0.06,back,8,0.025,0,10000000000,0.3,0,585.62,14.48,-294.3
B,B97,B97  1,,Shoe,COLD,4,0,-100,0,100,0.039,0,-0.017,0.043,down,100,0,0,#NAME?,0,0.017,0,#NAME?,0,0.039,0,10000000000,0.3,0,585.62,14.48,-290.33
B,B97,B97  1,,Shoe,OPERATING,4,0,-100,-30,105,0.039,0,-0.033,0.051,down,100,0,0,#NAME?,30,0.033,0,#NAME?,0,0.039,0,10000000000,0.3,0,585.62,14.48,-290.33
B,B98,B98  1,,Guide,COLD,4,0,-65,0,65,0.042,0,-0.017,0.046,down,65,0,0,left,0,0.042,0.06,back,0,0.017,0,10000000000,0.3,0,585.62,14.48,-282.34
B,B98,B98  1,,Guide,OPERATING,4,0,-65,-19,68,0.042,0,-0.047,0.064,down,65,0,0,rght,0,-0.042,0.06,back,19,0.047,0,10000000000,0.3,0,585.62,14.48,-282.34
B,B99,B99  1,,Shoe,COLD,4,0,-87,0,87,0.044,0,-0.017,0.047,down,87,0,0,#NAME?,0,0.017,0,#NAME?,0,0.044,0,10000000000,0.3,0,585.62,14.48,-279.54
B,B99,B99  1,,Shoe,OPERATING,4,0,-87,-26,91,0.044,0,-0.053,0.068,down,87,0,0,#NAME?,26,0.053,0,#NAME?,0,-0.044,0,10000000000,0.3,0,585.62,14.48,-279.54
B,B100,B100 1,,Guide,COLD,4,0,-129,0,129,0.048,0,-0.017,0.051,down,129,0,0,left,0,0.048,0.06,back,0,0.017,0,10000000000,0.3,0,585.62,14.48,-270.26
B,B100,B100 1,,Guide,OPERATING,4,1,-129,-39,134,0.049,0,-0.07,0.085,down,129,0,0,left,1,0.049,0.06,back,39,0.07,0,10000000000,0.3,0,585.62,14.48,-270.26
B,B101,B101 1,,Shoe,COLD,4,0,-131,0,131,0.053,0,-0.017,0.055,down,131,0,0,#NAME?,0,0.017,0,#NAME?,0,0.053,0,10000000000,0.3,0,585.62,14.48,-261.13
B,B101,B101 1,,Shoe,OPERATING,4,2,-131,-39,137,0.056,0,-0.087,0.104,down,131,0,0,#NAME?,39,0.087,0,#NAME?,2,0.056,0,10000000000,0.3,0,585.62,14.48,-261.13
B,B102,B102 1,,Guide,COLD,4,0,-111,0,111,0.058,0,-0.017,0.06,down,111,0,0,left,0,0.058,0.06,back,0,0.017,0,10000000000,0.3,0,585.62,14.48,-251.49
B,B102,B102 1,,Guide,OPERATING,4,-1,-111,-33,116,0.055,0,-0.105,0.119,down,111,0,0,rght,1,-0.055,0.06,back,33,0.105,0,10000000000,0.3,0,585.62,14.48,-251.49
B,B103,B103 1,,Shoe,COLD,4,0,0,0,0,0.06,0,-0.017,0.062,up,0,0,100,#NAME?,0,0.017,0,#NAME?,0,0.06,0,10000000000,0.3,0,585.62,14.48,-247.35
B,B103,B103 1,,Shoe,OPERATING,4,-1,-13,-4,14,0.046,0,-0.113,0.122,down,13,0,0,#NAME?,4,0.113,0,#NAME?,1,-0.046,0,10000000000,0.3,0,585.62,14.48,-247.35
B,B106,B106 1,,Guide,COLD,1.5,0,-29,0,29,0.06,0,-0.017,0.062,down,29,0,0,left,0,0.06,0.06,back,0,0.017,0,10000000000,0.3,0,585.62,14.37,-246.79
B,B106,B106 1,,Guide,OPERATING,1.5,-1,-16,-5,16,0.043,0,-0.114,0.122,down,16,0,0,rght,1,-0.043,0.06,back,5,0.114,0,10000000000,0.3,0,585.62,14.37,-246.79
B,B111,B111 1,,Guide,COLD,1.5,0,-21,0,21,0.06,0,-0.018,0.062,down,21,0,0,rght,0,0.06,0.06,forw,0,0.018,0,10000000000,0.3,0,586.56,14.37,-246.79
B,B111,B111 1,,Guide,OPERATING,1.5,-1,-22,-6,23,0.043,0,-0.094,0.104,down,22,0,0,left,1,-0.043,0.06,forw,6,0.094,0,10000000000,0.3,0,586.56,14.37,-246.79
B,B114,B114 1,,Shoe,COLD,4,0,0,0,0,0.059,0,-0.018,0.062,up,0,0,100,#NAME?,0,0.018,0,#NAME?,0,0.059,0,10000000000,0.3,0,586.56,14.48,-247.35
B,B114,B114 1,,Shoe,OPERATING,4,0,0,0,0,0.045,0,-0.094,0.104,up,0,0,100,#NAME?,0,0.094,0,#NAME?,0,0.045,0,10000000000,0.3,0,586.56,14.48,-247.35
B,B115,B115 1,,Guide,COLD,4,0,-112,0,112,0.057,0,-0.018,0.059,down,112,0,0,rght,0,0.057,0.06,forw,0,0.018,0,10000000000,0.3,0,586.56,14.48,-251.49
B,B115,B115 1,,Guide,OPERATING,4,-1,-110,-33,115,0.054,0,-0.088,0.103,down,110,0,0,left,1,-0.054,0.06,forw,33,0.088,0,10000000000,0.3,0,586.56,14.48,-251.49
B,B116,B116 1,,Shoe,COLD,4,0,-131,0,131,0.05,0,-0.018,0.053,down,131,0,0,#NAME?,0,0.018,0,#NAME?,0,0.05,0,10000000000,0.3,0,586.56,14.48,-261.13
B,B116,B116 1,,Shoe,OPERATING,4,2,-131,-39,137,0.053,0,-0.076,0.093,down,131,0,0,#NAME?,39,0.076,0,#NAME?,2,0.053,0,10000000000,0.3,0,586.56,14.48,-261.13
B,B117,B117 1,,Guide,COLD,4,0,-129,0,129,0.045,0,-0.018,0.048,down,129,0,0,rght,0,0.045,0.06,forw,0,0.018,0,10000000000,0.3,0,586.56,14.48,-270.26
B,B117,B117 1,,Guide,OPERATING,4,1,-129,-39,134,0.046,0,-0.065,0.079,down,129,0,0,rght,1,0.046,0.06,forw,39,0.065,0,10000000000,0.3,0,586.56,14.48,-270.26
B,B118,B118 1,,Shoe,COLD,4,0,-87,0,87,0.04,0,-0.018,0.044,down,87,0,0,#NAME?,0,0.018,0,#NAME?,0,0.04,0,10000000000,0.3,0,586.56,14.48,-279.54
B,B118,B118 1,,Shoe,OPERATING,4,0,-87,-26,91,0.04,0,-0.053,0.067,down,87,0,0,#NAME?,26,0.053,0,#NAME?,0,-0.04,0,10000000000,0.3,0,586.56,14.48,-279.54
B,B119,B119 1,,Guide,COLD,4,0,-65,0,65,0.039,0,-0.018,0.043,down,65,0,0,rght,0,0.039,0.06,forw,0,0.018,0,10000000000,0.3,0,586.56,14.48,-282.34
B,B119,B119 1,,Guide,OPERATING,4,0,-65,-19,68,0.039,0,-0.05,0.063,down,65,0,0,left,0,-0.039,0.06,forw,19,0.05,0,10000000000,0.3,0,586.56,14.48,-282.34
B,B120,B120 1,,Shoe,COLD,4,0,-100,0,100,0.037,0,-0.018,0.041,down,100,0,0,#NAME?,0,0.018,0,#NAME?,0,0.037,0,10000000000,0.3,0,586.56,14.48,-290.33
B,B120,B120 1,,Shoe,OPERATING,4,0,-100,-30,105,0.037,0,-0.04,0.054,down,100,0,0,#NAME?,30,0.04,0,#NAME?,0,-0.037,0,10000000000,0.3,0,586.56,14.48,-290.33
B,B121,B121 1,,Guide,COLD,4,0,-27,0,27,0.036,0,-0.018,0.04,down,27,0,0,rght,0,0.036,0.06,forw,0,0.018,0,10000000000,0.3,0,586.56,14.48,-294.3
B,B121,B121 1,,Guide,OPERATING,4,0,-27,-8,28,0.036,0,-0.035,0.05,down,27,0,0,left,0,-0.036,0.06,forw,8,0.035,0,10000000000,0.3,0,586.56,14.48,-294.3
B,B122,B122 1,,Shoe,COLD,4,0,-115,0,115,0.036,0,-0.018,0.04,down,115,0,0,#NAME?,0,0.018,0,#NAME?,0,0.036,0,10000000000,0.3,0,586.56,14.48,-299.27
B,B122,B122 1,,Shoe,OPERATING,4,0,-115,-35,121,0.036,0,-0.029,0.046,down,115,0,0,#NAME?,35,0.029,0,#NAME?,0,0.036,0,10000000000,0.3,0,586.56,14.48,-299.27
B,B123,B123 1,,Guide,COLD,4,0,-145,0,145,0.037,0,-0.018,0.041,down,145,0,0,rght,0,0.037,0.06,forw,0,0.018,0,10000000000,0.3,0,586.56,14.48,-309.24
B,B123,B123 1,,Guide,OPERATING,4,-1,-145,33,149,0.037,0,-0.017,0.041,down,145,0,0,left,1,-0.037,0.06,back,33,-0.017,0,10000000000,0.3,0,586.56,14.48,-309.24
B,B124,B124 1,,Shoe,COLD,4,0,-117,0,117,0.041,0,-0.018,0.045,down,117,0,0,#NAME?,0,0.018,0,#NAME?,0,0.041,0,10000000000,0.3,0,586.56,14.48,-319.21
B,B124,B124 1,,Shoe,OPERATING,4,2,-117,35,123,0.042,0,-0.005,0.043,down,117,0,0,#NAME?,35,-0.005,0,#NAME?,2,0.042,0,10000000000,0.3,0,586.56,14.48,-319.21
B,B125,B125 1,,Guide,COLD,4,0,-21,0,21,0.045,0,-0.018,0.049,down,21,0,0,rght,0,0.045,0.06,forw,0,0.018,0,10000000000,0.3,0,586.56,14.48,-324.48
B,B125,B125 1,,Guide,OPERATING,4,1,-21,6,22,0.05,0,0.002,0.05,down,21,0,0,rght,1,0.05,0.06,back,6,0.002,0,10000000000,0.3,0,586.56,14.48,-324.48
B,B126,B126 1,,Shoe,COLD,4,0,-112,0,112,0.049,0,-0.018,0.052,down,112,0,0,#NAME?,0,0.018,0,#NAME?,0,0.049,0,10000000000,0.3,0,586.56,14.48,-328.15
B,B126,B126 1,,Shoe,OPERATING,4,10,-111,32,116,0.056,0,0.006,0.056,down,111,0,0,#NAME?,32,0.006,0,#NAME?,10,0.056,0,10000000000,0.3,0,586.56,14.48,-328.15
B,B127,B127 1,,Guide,COLD,4,0,-141,0,141,0.06,0,-0.018,0.063,down,141,0,0,rght,0,0.06,0.06,forw,0,0.018,0,10000000000,0.3,0,586.56,14.48,-337.95
B,B127,B127 1,,Guide,OPERATING,4,-22,-142,36,148,0.038,0,0.018,0.042,down,142,0,0,left,22,-0.038,0.06,back,36,0.018,0,10000000000,0.3,0,586.56,14.48,-337.95
B,B128,B128 1,,Shoe,COLD,4,0,-127,0,127,0.076,0,-0.018,0.078,down,127,0,0,#NAME?,0,0.018,0,#NAME?,0,0.076,0,10000000000,0.3,0,586.56,14.48,-348.08
B,B128,B128 1,,Shoe,OPERATING,4,-37,-127,9,132,-0.124,0,0.031,0.128,down,127,0,0,#NAME?,9,0.031,0,#NAME?,37,0.124,0,10000000000,0.3,0,586.56,14.48,-348.08
B,B130,B130 1,,Guide,COLD,4,0,-79,0,79,0.081,0,-0.023,0.084,down,79,0,0,rght,0,0.023,0.06,back,0,0.081,0,10000000000,0.3,0,582.41,14.48,-351.43
B,B130,B130 1,,Guide,OPERATING,4,-24,-81,6,85,-0.185,0,0.044,0.19,down,81,0,0,left,6,0.044,0.06,forw,24,0.185,0,10000000000,0.3,0,582.41,14.48,-351.43
B,B131,B131 1,,Shoe,COLD,4,0,-102,0,102,0.081,0,-0.03,0.086,down,102,0,0,#NAME?,0,0.03,0,#NAME?,0,0.081,0,10000000000,0.3,0,576.58,14.48,-351.43
B,B131,B131 1,,Shoe,OPERATING,4,-27,-90,6,94,-0.178,0,0.025,0.179,down,90,0,0,#NAME?,6,0.025,0,#NAME?,27,0.178,0,10000000000,0.3,0,576.58,14.48,-351.43
B,B132,B132 1,,Guide,COLD,4,0,-81,0,81,0.081,0,-0.038,0.089,down,81,0,0,rght,0,0.038,0.06,back,0,0.081,0,10000000000,0.3,0,569.04,14.48,-351.43
B,B132,B132 1,,Guide,OPERATING,4,-34,-114,4,118,-0.168,0,-0.011,0.169,down,114,0,0,left,4,-0.011,0.06,forw,34,0.168,0,10000000000,0.3,0,569.04,14.48,-351.43
B,B135,B135 1,,Shoe,COLD,4,0,-234,0,234,0.079,0,-0.046,0.091,down,234,0,0,#NAME?,0,0.046,0,#NAME?,0,0.079,0,10000000000,0.3,0,559.31,13.06,-351.43
B,B135,B135 1,,Shoe,OPERATING,4,-63,-211,0,220,-0.167,0,-0.045,0.173,down,211,0,0,#NAME?,0,-0.045,0,#NAME?,63,0.167,0,10000000000,0.3,0,559.31,13.06,-351.43
B,B136,B136 1,,Guide,COLD,4,0,-235,0,235,0.079,0,-0.056,0.097,down,235,0,0,rght,0,0.056,0.06,back,0,0.079,0,10000000000,0.3,0,539.91,13.06,-351.43
B,B136,B136 1,,Guide,OPERATING,4,-70,-234,-1,244,-0.144,0,-0.058,0.155,down,234,0,0,rght,1,0.058,0.06,forw,70,0.144,0,10000000000,0.3,0,539.91,13.06,-351.43
B,B137,B137 1,,Shoe,COLD,4,0,-52,0,52,0.079,0,-0.058,0.098,down,52,0,0,#NAME?,0,0.058,0,#NAME?,0,0.079,0,10000000000,0.3,0,533.15,13.06,-351.43
B,B137,B137 1,,Shoe,OPERATING,4,-16,-52,0,55,-0.136,0,-0.059,0.148,down,52,0,0,#NAME?,0,0.059,0,#NAME?,16,0.136,0,10000000000,0.3,0,533.15,13.06,-351.43
B,B138,B138 1,,Guide,COLD,4,0,-126,0,126,0.079,0,-0.06,0.099,down,126,0,0,rght,0,0.06,0.06,back,0,0.079,0,10000000000,0.3,0,523.36,13.06,-351.43
B,B138,B138 1,,Guide,OPERATING,4,-38,-126,0,132,-0.124,0,-0.06,0.138,down,126,0,0,left,0,-0.06,0.06,forw,38,0.124,0,10000000000,0.3,0,523.36,13.06,-351.43
B,B139,B139 1,,Shoe,COLD,4,0,-93,0,93,0.079,0,-0.06,0.099,down,93,0,0,#NAME?,0,0.06,0,#NAME?,0,0.079,0,10000000000,0.3,0,517.15,13.06,-351.43
B,B139,B139 1,,Shoe,OPERATING,4,-28,-93,0,97,-0.117,0,-0.06,0.131,down,93,0,0,#NAME?,0,-0.06,0,#NAME?,28,0.117,0,10000000000,0.3,0,517.15,13.06,-351.43
B,B140,B140 1,,Guide,COLD,4,0,-61,0,61,0.079,0,-0.06,0.099,down,61,0,0,rght,0,0.06,0.06,back,0,0.079,0,10000000000,0.3,0,509.15,13.06,-351.43
B,B140,B140 1,,Guide,OPERATING,4,-18,-61,0,63,-0.107,0,-0.06,0.123,down,61,0,0,left,0,-0.06,0.06,forw,18,0.107,0,10000000000,0.3,0,509.15,13.06,-351.43
B,B141,B141 1,,Shoe,COLD,4,0,-166,0,166,0.079,0,-0.059,0.098,down,166,0,0,#NAME?,0,0.059,0,#NAME?,0,0.079,0,10000000000,0.3,0,503.5,13.06,-351.43
B,B141,B141 1,,Shoe,OPERATING,4,-50,-166,0,174,-0.101,0,-0.059,0.117,down,166,0,0,#NAME?,0,-0.059,0,#NAME?,50,0.101,0,10000000000,0.3,0,503.5,13.06,-351.43
B,B142,B142 1,,Guide,COLD,4,0,-172,0,172,0.079,0,-0.056,0.096,down,172,0,0,rght,0,0.056,0.06,back,0,0.079,0,10000000000,0.3,0,489.1,13.06,-351.43
B,B142,B142 1,,Guide,OPERATING,4,-51,-172,0,180,-0.084,0,-0.056,0.101,down,172,0,0,rght,0,0.056,0.06,forw,51,0.084,0,10000000000,0.3,0,489.1,13.06,-351.43
B,B143,B143 1,,Shoe,COLD,4,0,-89,0,89,0.079,0,-0.053,0.095,down,89,0,0,#NAME?,0,0.053,0,#NAME?,0,0.079,0,10000000000,0.3,0,481.1,13.06,-351.43
B,B143,B143 1,,Shoe,OPERATING,4,-26,-89,0,92,-0.075,0,-0.053,0.092,down,89,0,0,#NAME?,0,0.053,0,#NAME?,26,0.075,0,10000000000,0.3,0,481.1,13.06,-351.43
B,B144,B144 1,,Guide,COLD,4,0,-118,0,118,0.079,0,-0.049,0.093,down,118,0,0,rght,0,0.049,0.06,back,0,0.079,0,10000000000,0.3,0,472.73,13.06,-351.43
B,B144,B144 1,,Guide,OPERATING,4,-35,-118,0,123,-0.066,0,-0.049,0.082,down,118,0,0,rght,0,0.049,0.06,forw,35,0.066,0,10000000000,0.3,0,472.73,13.06,-351.43
B,B145,B145 1,,Shoe,COLD,4,0,-96,0,96,0.079,0,-0.046,0.091,down,96,0,0,#NAME?,0,0.046,0,#NAME?,0,0.079,0,10000000000,0.3,0,465.1,13.06,-351.43
B,B145,B145 1,,Shoe,OPERATING,4,-29,-96,0,100,-0.057,0,-0.046,0.073,down,96,0,0,#NAME?,0,0.046,0,#NAME?,29,0.057,0,10000000000,0.3,0,465.1,13.06,-351.43
B,B146,B146 1,,Guide,COLD,4,0,-135,0,135,0.079,0,-0.042,0.089,down,135,0,0,rght,0,0.042,0.06,back,0,0.079,0,10000000000,0.3,0,457.1,13.06,-351.43
B,B146,B146 1,,Guide,OPERATING,4,-40,-135,0,141,-0.048,0,-0.042,0.064,down,135,0,0,left,0,-0.042,0.06,forw,40,0.048,0,10000000000,0.3,0,457.1,13.06,-351.43
B,B147,B147 1,,Shoe,COLD,4,0,-71,0,71,0.079,0,-0.037,0.087,down,71,0,0,#NAME?,0,0.037,0,#NAME?,0,0.079,0,10000000000,0.3,0,447.43,13.06,-351.43
B,B147,B147 1,,Shoe,OPERATING,4,-21,-71,0,74,-0.038,0,-0.037,0.053,down,71,0,0,#NAME?,0,-0.037,0,#NAME?,21,0.038,0,10000000000,0.3,0,447.43,13.06,-351.43
B,B148,B148 1,,Guide,COLD,4,0,-184,0,184,0.079,0,-0.034,0.086,down,184,0,0,rght,0,0.034,0.06,back,0,0.079,0,10000000000,0.3,0,441.1,13.06,-351.43
B,B148,B148 1,,Guide,OPERATING,4,-55,-184,0,192,-0.031,0,-0.034,0.046,down,184,0,0,left,0,-0.034,0.06,forw,55,0.031,0,10000000000,0.3,0,441.1,13.06,-351.43
B,B149,B149 1,,Shoe,COLD,4,0,-190,0,190,0.079,0,-0.026,0.083,down,190,0,0,#NAME?,0,0.026,0,#NAME?,0,0.079,0,10000000000,0.3,0,425.07,13.06,-351.43
B,B149,B149 1,,Shoe,OPERATING,4,-57,-190,0,199,-0.013,0,-0.026,0.029,down,190,0,0,#NAME?,0,0.026,0,#NAME?,57,0.013,0,10000000000,0.3,0,425.07,13.06,-351.43
B,B150,B150 1,,Guide,COLD,4,0,-63,0,63,0.079,0,-0.022,0.082,down,63,0,0,rght,0,0.022,0.06,back,0,0.079,0,10000000000,0.3,0,417.96,13.06,-351.43
B,B150,B150 1,,Guide,OPERATING,4,-19,-63,0,66,-0.006,0,-0.022,0.023,down,63,0,0,left,0,-0.022,0.06,forw,19,0.006,0,10000000000,0.3,0,417.96,13.06,-351.43
B,B151,B151 1,,Shoe,COLD,4,0,-119,0,119,0.079,0,-0.019,0.081,down,119,0,0,#NAME?,0,0.019,0,#NAME?,0,0.079,0,10000000000,0.3,0,409.96,13.06,-351.43
B,B151,B151 1,,Shoe,OPERATING,4,-36,-119,0,124,0.003,0,-0.019,0.019,down,119,0,0,#NAME?,0,-0.019,0,#NAME?,36,-0.003,0,10000000000,0.3,0,409.96,13.06,-351.43
B,B152,B152 1,,Guide,COLD,4,0,-111,0,111,0.079,0,-0.016,0.08,down,111,0,0,rght,0,0.016,0.06,back,0,0.079,0,10000000000,0.3,0,401.96,13.06,-351.43
B,B152,B152 1,,Guide,OPERATING,4,-33,-111,0,116,0.011,0,-0.016,0.019,down,111,0,0,left,0,-0.016,0.06,forw,33,-0.011,0,10000000000,0.3,0,401.96,13.06,-351.43
B,B153,B153 1,,Shoe,COLD,4,0,-95,0,95,0.079,0,-0.013,0.08,down,95,0,0,#NAME?,0,0.013,0,#NAME?,0,0.079,0,10000000000,0.3,0,393.96,13.06,-351.43
B,B153,B153 1,,Shoe,OPERATING,4,-28,-95,0,99,0.02,0,-0.013,0.024,down,95,0,0,#NAME?,0,0.013,0,#NAME?,28,-0.02,0,10000000000,0.3,0,393.96,13.06,-351.43
B,B154,B154 1,,Guide,COLD,4,0,-153,0,153,0.079,0,-0.011,0.079,down,153,0,0,rght,0,0.011,0.06,back,0,0.079,0,10000000000,0.3,0,385.96,13.06,-351.43
B,B154,B154 1,,Guide,OPERATING,4,-46,-153,0,160,0.028,0,-0.011,0.03,down,153,0,0,rght,0,0.011,0.06,forw,46,-0.028,0,10000000000,0.3,0,385.96,13.06,-351.43
B,B155,B155 1,,Shoe,COLD,4,0,-153,0,153,0.079,0,-0.009,0.079,down,153,0,0,#NAME?,0,0.009,0,#NAME?,0,0.079,0,10000000000,0.3,0,373.36,13.06,-351.43
B,B155,B155 1,,Shoe,OPERATING,4,-45,-153,0,160,0.041,0,-0.009,0.042,down,153,0,0,#NAME?,0,0.009,0,#NAME?,45,-0.041,0,10000000000,0.3,0,373.36,13.06,-351.43
B,B156,B156 1,,Guide,COLD,4,0,-94,0,94,0.079,0,-0.009,0.079,down,94,0,0,rght,0,0.009,0.06,back,0,0.079,0,10000000000,0.3,0,365.36,13.06,-351.43
B,B156,B156 1,,Guide,OPERATING,4,-28,-94,0,98,0.049,0,-0.009,0.05,down,94,0,0,left,0,-0.009,0.06,forw,28,-0.049,0,10000000000,0.3,0,365.36,13.06,-351.43
B,B157,B157 1,,Shoe,COLD,4,0,-113,0,113,0.079,0,-0.01,0.079,down,113,0,0,#NAME?,0,0.01,0,#NAME?,0,0.079,0,10000000000,0.3,0,357.36,13.06,-351.43
B,B157,B157 1,,Shoe,OPERATING,4,-33,-113,0,118,0.057,0,-0.01,0.058,down,113,0,0,#NAME?,0,-0.01,0,#NAME?,33,-0.057,0,10000000000,0.3,0,357.36,13.06,-351.43
B,B158,B158 1,,Guide,COLD,4,0,-111,0,111,0.079,0,-0.012,0.079,down,111,0,0,rght,0,0.012,0.06,back,0,0.079,0,10000000000,0.3,0,349.36,13.06,-351.43
B,B158,B158 1,,Guide,OPERATING,4,-32,-111,0,115,0.065,0,-0.012,0.066,down,111,0,0,rght,0,0.012,0.06,forw,32,-0.065,0,10000000000,0.3,0,349.36,13.06,-351.43
B,B159,B159 1,,Shoe,COLD,4,0,-101,0,101,0.079,0,-0.015,0.08,down,101,0,0,#NAME?,0,0.015,0,#NAME?,0,0.079,0,10000000000,0.3,0,341.36,13.06,-351.43
B,B159,B159 1,,Shoe,OPERATING,4,-26,-101,-12,104,0.073,0,-0.018,0.075,down,101,0,0,#NAME?,12,0.018,0,#NAME?,26,-0.073,0,10000000000,0.3,0,341.36,13.06,-351.43
B,B160,B160 1,,Guide,COLD,4,0,-112,0,112,0.079,0,-0.019,0.081,down,112,0,0,rght,0,0.019,0.06,back,0,0.079,0,10000000000,0.3,0,334.09,13.06,-351.43
B,B160,B160 1,,Guide,OPERATING,4,9,-113,31,118,0.08,0,-0.014,0.081,down,113,0,0,left,31,-0.014,0.06,back,9,0.08,0,10000000000,0.3,0,334.09,13.06,-351.43
B,B161,B161 1,,Shoe,COLD,4,0,-109,0,109,0.079,0,-0.025,0.082,down,109,0,0,#NAME?,0,0.025,0,#NAME?,0,0.079,0,10000000000,0.3,0,325.36,13.06,-351.43
B,B161,B161 1,,Shoe,OPERATING,4,5,-88,26,91,0.089,0,0.03,0.093,down,88,0,0,#NAME?,26,0.03,0,#NAME?,5,0.089,0,10000000000,0.3,0,325.36,13.06,-351.43
B,B164,B164 1,,Guide,COLD,6,0,-55,0,55,0.079,0,-0.026,0.083,down,55,0,0,rght,0,0.026,0.06,back,0,0.079,0,10000000000,0.3,0,322.73,13.14,-351.43
B,B164,B164 1,,Guide,OPERATING,6,3,-50,15,52,0.091,0,0.034,0.097,down,50,0,0,left,15,0.034,0.06,back,3,0.091,0,10000000000,0.3,0,322.73,13.14,-351.43
B,B166,B166 1,,Shoe,COLD,6,0,-191,0,191,0.079,0,-0.028,0.084,down,191,0,0,#NAME?,0,0.028,0,#NAME?,0,0.079,0,10000000000,0.3,0,319.59,13.14,-351.43
B,B166,B166 1,,Shoe,OPERATING,6,18,-200,57,209,0.095,0,0.022,0.097,down,200,0,0,#NAME?,57,0.022,0,#NAME?,18,0.095,0,10000000000,0.3,0,319.59,13.14,-351.43
B,B167,B167 1,,Guide,COLD,6,0,-176,0,176,0.079,0,-0.034,0.086,down,176,0,0,rght,0,0.034,0.06,back,0,0.079,0,10000000000,0.3,0,312.5,13.14,-351.43
B,B167,B167 1,,Guide,OPERATING,6,42,-175,33,183,0.102,0,-0.015,0.103,down,175,0,0,left,33,-0.015,0.06,back,42,0.102,0,10000000000,0.3,0,312.5,13.14,-351.43
B,B168,B168 1,,Shoe,COLD,6,0,-190,0,190,0.079,0,-0.039,0.087,down,190,0,0,#NAME?,0,0.039,0,#NAME?,0,0.079,0,10000000000,0.3,0,305.7,13.14,-351.43
B,B168,B168 1,,Shoe,OPERATING,6,58,-190,2,199,0.11,0,-0.037,0.116,down,190,0,0,#NAME?,2,-0.037,0,#NAME?,58,0.11,0,10000000000,0.3,0,305.7,13.14,-351.43
B,B169,B169 1,,Guide,COLD,6,0,-205,0,205,0.079,0,-0.043,0.09,down,205,0,0,rght,0,0.043,0.06,back,0,0.079,0,10000000000,0.3,0,297.7,13.14,-351.43
B,B169,B169 1,,Guide,OPERATING,6,62,-205,-5,214,0.118,0,-0.046,0.127,down,205,0,0,rght,5,0.046,0.06,back,62,0.118,0,10000000000,0.3,0,297.7,13.14,-351.43
B,B170,B170 1,,Shoe,COLD,6,0,-219,0,219,0.079,0,-0.047,0.092,down,219,0,0,#NAME?,0,0.047,0,#NAME?,0,0.079,0,10000000000,0.3,0,289.7,13.14,-351.43
B,B170,B170 1,,Shoe,OPERATING,6,66,-219,-2,229,0.127,0,-0.049,0.136,down,219,0,0,#NAME?,2,0.049,0,#NAME?,66,0.127,0,10000000000,0.3,0,289.7,13.14,-351.43
B,B171,B171 1,,Guide,COLD,6,0,-118,0,118,0.079,0,-0.051,0.094,down,118,0,0,rght,0,0.051,0.06,back,0,0.079,0,10000000000,0.3,0,281.7,13.14,-351.43
B,B171,B171 1,,Guide,OPERATING,6,36,-118,0,123,0.136,0,-0.051,0.145,down,118,0,0,rght,0,0.051,0.06,back,36,0.136,0,10000000000,0.3,0,281.7,13.14,-351.43
B,B172,B172 1,,Shoe,COLD,6,0,-266,0,266,0.079,0,-0.053,0.095,down,266,0,0,#NAME?,0,0.053,0,#NAME?,0,0.079,0,10000000000,0.3,0,276.48,13.14,-351.43
B,B172,B172 1,,Shoe,OPERATING,6,80,-266,0,278,0.142,0,-0.053,0.151,down,266,0,0,#NAME?,0,-0.053,0,#NAME?,80,0.142,0,10000000000,0.3,0,276.48,13.14,-351.43
B,B173,B173 1,,Guide,COLD,6,0,-287,0,287,0.079,0,-0.056,0.097,down,287,0,0,rght,0,0.056,0.06,back,0,0.079,0,10000000000,0.3,0,263.98,13.14,-351.43
B,B173,B173 1,,Guide,OPERATING,6,87,-287,0,300,0.156,0,-0.056,0.166,down,287,0,0,left,0,-0.056,0.06,back,87,0.156,0,10000000000,0.3,0,263.98,13.14,-351.43
B,B174,B174 1,,Shoe,COLD,6,0,-177,0,177,0.079,0,-0.058,0.098,down,177,0,0,#NAME?,0,0.058,0,#NAME?,0,0.079,0,10000000000,0.3,0,255.98,13.14,-351.43
B,B174,B174 1,,Shoe,OPERATING,6,53,-177,0,185,0.165,0,-0.058,0.175,down,177,0,0,#NAME?,0,0.058,0,#NAME?,53,0.165,0,10000000000,0.3,0,255.98,13.14,-351.43
B,B175,B175 1,,Guide,COLD,6,0,-210,0,210,0.079,0,-0.059,0.098,down,210,0,0,rght,0,0.059,0.06,back,0,0.079,0,10000000000,0.3,0,247.98,13.14,-351.43
B,B175,B175 1,,Guide,OPERATING,6,63,-210,0,219,0.174,0,-0.059,0.184,down,210,0,0,rght,0,0.059,0.06,back,63,0.174,0,10000000000,0.3,0,247.98,13.14,-351.43
B,B176,B176 1,,Shoe,COLD,6,0,-215,0,215,0.079,0,-0.06,0.099,down,215,0,0,#NAME?,0,0.06,0,#NAME?,0,0.079,0,10000000000,0.3,0,239.98,13.14,-351.43
B,B176,B176 1,,Shoe,OPERATING,6,65,-215,0,225,0.184,0,-0.059,0.193,down,215,0,0,#NAME?,0,-0.059,0,#NAME?,65,0.184,0,10000000000,0.3,0,239.98,13.14,-351.43
B,B177,B177 1,,Guide,COLD,6,0,-162,0,162,0.079,0,-0.06,0.099,down,162,0,0,rght,0,0.06,0.06,back,0,0.079,0,10000000000,0.3,0,231.98,13.14,-351.43
B,B177,B177 1,,Guide,OPERATING,6,48,-161,1,168,0.193,0,-0.057,0.201,down,161,0,0,left,1,-0.057,0.06,back,48,0.193,0,10000000000,0.3,0,231.98,13.14,-351.43
B,B178,B178 1,,Shoe,COLD,6,0,-338,0,338,0.079,0,-0.06,0.099,down,338,0,0,#NAME?,0,0.06,0,#NAME?,0,0.079,0,10000000000,0.3,0,223.63,13.14,-351.43
B,B178,B178 1,,Shoe,OPERATING,6,102,-341,6,356,0.203,0,-0.053,0.209,down,341,0,0,#NAME?,6,-0.053,0,#NAME?,102,0.203,0,10000000000,0.3,0,223.63,13.14,-351.43
B,B179,B179 1,,Guide,COLD,6,0,-269,-1,269,0.079,0,-0.06,0.099,down,269,0,0,rght,1,0.06,0.06,back,0,0.079,0,10000000000,0.3,0,209.11,13.14,-351.43
B,B179,B179 1,,Guide,OPERATING,6,85,-252,-30,268,0.22,0,-0.06,0.228,down,252,0,0,rght,30,0.06,0.06,back,85,0.22,0,10000000000,0.3,0,209.11,13.14,-351.43
B,B180,B180 1,,Shoe,COLD,6,0,-284,0,284,0.079,0,-0.06,0.099,down,284,0,0,#NAME?,0,0.06,0,#NAME?,0,0.079,0,10000000000,0.3,0,201.11,13.14,-351.43
B,B180,B180 1,,Shoe,OPERATING,6,87,-294,-16,307,0.23,0,-0.088,0.246,down,294,0,0,#NAME?,16,0.088,0,#NAME?,87,0.23,0,10000000000,0.3,0,201.11,13.14,-351.43
B,B221,B221 1,,Guide,COLD,6,0,-326,0,326,0.05,0,-0.041,0.064,down,326,0,0,rght,0,0.05,0.06,forw,0,0.041,0,10000000000,0.3,0,196,14.64,-356.87
B,B221,B221 1,,Guide,OPERATING,6,80,-305,44,318,0.058,0,-0.036,0.068,down,305,0,0,rght,80,0.058,0.06,back,44,-0.036,0,10000000000,0.3,0,196,14.64,-356.87
B,B186,B186 1,,Guide,COLD,6,0,-200,0,200,-0.016,0,-0.009,0.018,down,200,0,0,rght,0,0.016,0.06,back,0,0.009,0,10000000000,0.3,0,196,21.24,-353.14
B,B186,B186 1,,Guide,OPERATING,6,-12,-234,69,244,-0.019,0,0.009,0.021,down,234,0,0,rght,12,0.019,0.06,forw,69,0.009,0,10000000000,0.3,0,196,21.24,-353.14
B,B187,B187 1,,Shoe,COLD,6,0,-265,0,265,0.021,0,-0.009,0.023,down,265,0,0,#NAME?,0,0.009,0,#NAME?,0,0.021,0,10000000000,0.3,0,196,21.24,-343.14
B,B187,B187 1,,Shoe,OPERATING,6,28,-256,15,257,0.021,0,-0.009,0.023,down,256,0,0,#NAME?,15,-0.009,0,#NAME?,28,0.021,0,10000000000,0.3,0,196,21.24,-343.14
B,B188,B188 1,,Guide,COLD,6,2,-270,0,270,0.06,0,-0.009,0.061,down,270,0,0,left,2,0.06,0.06,back,0,0.009,0,10000000000,0.3,0,196,21.24,-333.14
B,B188,B188 1,,Guide,OPERATING,6,-53,-263,-58,274,0.044,0,-0.028,0.052,down,263,0,0,rght,53,-0.044,0.06,back,58,0.028,0,10000000000,0.3,0,196,21.24,-333.14
B,B190,B190 1,,Shoe,COLD,6,0,-213,0,213,0.078,0,0.005,0.078,down,213,0,0,#NAME?,0,0.005,0,#NAME?,0,0.078,0,10000000000,0.3,0,190.64,21.24,-328.31
B,B190,B190 1,,Shoe,OPERATING,6,-57,-225,-34,234,0.056,0,-0.009,0.056,down,225,0,0,#NAME?,34,0.009,0,#NAME?,57,-0.056,0,10000000000,0.3,0,190.64,21.24,-328.31
B,B191,B191 1,,Guide,COLD,6,0,-226,0,226,0.078,0,0.021,0.081,down,226,0,0,left,0,0.021,0.06,back,0,0.078,0,10000000000,0.3,0,183.55,21.24,-328.31
B,B191,B191 1,,Guide,OPERATING,6,-64,-218,-2,227,0.069,0,0.021,0.072,down,218,0,0,rght,2,-0.021,0.06,forw,64,-0.069,0,10000000000,0.3,0,183.55,21.24,-328.31
B,B192,B192 1,,Shoe,COLD,6,0,-63,0,63,0.078,0,0.041,0.088,down,63,0,0,#NAME?,0,0.041,0,#NAME?,0,0.078,0,10000000000,0.3,0,174.64,21.24,-328.31
B,B192,B192 1,,Shoe,OPERATING,6,22,-83,13,87,0.085,0,0.045,0.096,down,83,0,0,#NAME?,13,0.045,0,#NAME?,22,0.085,0,10000000000,0.3,0,174.64,21.24,-328.31
B,B193,B193 1,,Guide,COLD,6,0,-475,1,475,0.078,0,0.06,0.099,down,475,0,0,left,1,0.06,0.06,back,0,0.078,0,10000000000,0.3,0,166.64,21.24,-328.31
B,B193,B193 1,,Guide,OPERATING,6,137,-441,12,462,0.1,0,0.06,0.116,down,441,0,0,left,12,0.06,0.06,back,137,0.1,0,10000000000,0.3,0,166.64,21.24,-328.31
B,B196,B196 1,,Shoe,COLD,6,0,-427,0,427,-0.015,0,-0.04,0.042,down,427,0,0,#NAME?,0,0.04,0,#NAME?,0,0.015,0,10000000000,0.3,0,160.19,27.87,-323.14
B,B196,B196 1,,Shoe,OPERATING,6,-134,-447,8,466,-0.11,0,-0.034,0.115,down,447,0,0,#NAME?,8,-0.034,0,#NAME?,134,0.11,0,10000000000,0.3,0,160.19,27.87,-323.14
B,B198,B198 1,,Guide,COLD,6,0,-50,0,50,-0.001,0,-0.027,0.027,down,50,0,0,rght,0,0.027,0.06,forw,0,0.001,0,10000000000,0.3,0,155.44,27.87,-319.31
B,B198,B198 1,,Guide,OPERATING,6,-15,-46,-7,49,-0.194,0,-0.06,0.203,down,46,0,0,rght,7,0.06,0.06,forw,15,0.194,0,10000000000,0.3,0,155.44,27.87,-319.31
B,B199,B199 1,,Shoe,COLD,6,0,-347,0,347,-0.001,0,-0.004,0.004,down,347,0,0,#NAME?,0,0.004,0,#NAME?,0,0.001,0,10000000000,0.3,0,145.44,27.87,-319.31
B,B199,B199 1,,Shoe,OPERATING,6,-104,-351,-18,366,-0.176,0,-0.034,0.179,down,351,0,0,#NAME?,18,0.034,0,#NAME?,104,0.176,0,10000000000,0.3,0,145.44,27.87,-319.31
B,B200,B200 1,,Guide,COLD,6,0,-233,0,233,-0.001,0,0.014,0.014,down,233,0,0,left,0,0.014,0.06,forw,0,0.001,0,10000000000,0.3,0,135.44,27.87,-319.31
B,B200,B200 1,,Guide,OPERATING,6,-69,-232,-5,242,-0.158,0,0.003,0.158,down,232,0,0,rght,5,-0.003,0.06,forw,69,0.158,0,10000000000,0.3,0,135.44,27.87,-319.31
B,B201,B201 1,,Shoe,COLD,6,0,-263,0,263,-0.001,0,0.027,0.027,down,263,0,0,#NAME?,0,0.027,0,#NAME?,0,0.001,0,10000000000,0.3,0,125.44,27.87,-319.31
B,B201,B201 1,,Shoe,OPERATING,6,-79,-263,0,275,-0.14,0,0.026,0.142,down,263,0,0,#NAME?,0,-0.026,0,#NAME?,79,0.14,0,10000000000,0.3,0,125.44,27.87,-319.31
B,B202,B202 1,,Guide,COLD,6,0,-255,0,255,-0.001,0,0.036,0.036,down,255,0,0,left,0,0.036,0.06,forw,0,0.001,0,10000000000,0.3,0,115.44,27.87,-319.31
B,B202,B202 1,,Guide,OPERATING,6,-76,-255,1,266,-0.122,0,0.037,0.128,down,255,0,0,left,1,0.037,0.06,forw,76,0.122,0,10000000000,0.3,0,115.44,27.87,-319.31
B,B203,B203 1,,Shoe,COLD,6,0,-257,0,257,-0.001,0,0.042,0.042,down,257,0,0,#NAME?,0,0.042,0,#NAME?,0,0.001,0,10000000000,0.3,0,105.44,27.87,-319.31
B,B203,B203 1,,Shoe,OPERATING,6,-77,-257,1,268,-0.104,0,0.043,0.113,down,257,0,0,#NAME?,1,0.043,0,#NAME?,77,0.104,0,10000000000,0.3,0,105.44,27.87,-319.31
B,B204,B204 1,,Guide,COLD,6,0,-256,0,256,-0.001,0,0.044,0.044,down,256,0,0,left,0,0.044,0.06,forw,0,0.001,0,10000000000,0.3,0,95.44,27.87,-319.31
B,B204,B204 1,,Guide,OPERATING,6,-77,-256,0,268,-0.087,0,0.044,0.097,down,256,0,0,left,0,0.044,0.06,forw,77,0.087,0,10000000000,0.3,0,95.44,27.87,-319.31
B,B205,B205 1,,Shoe,COLD,6,0,-257,0,257,-0.001,0,0.044,0.044,down,257,0,0,#NAME?,0,0.044,0,#NAME?,0,0.001,0,10000000000,0.3,0,85.44,27.87,-319.31
B,B205,B205 1,,Shoe,OPERATING,6,-77,-257,0,268,-0.069,0,0.044,0.082,down,257,0,0,#NAME?,0,-0.044,0,#NAME?,77,0.069,0,10000000000,0.3,0,85.44,27.87,-319.31
B,B206,B206 1,,Guide,COLD,6,0,-257,0,257,-0.001,0,0.042,0.042,down,257,0,0,left,0,0.042,0.06,forw,0,0.001,0,10000000000,0.3,0,75.44,27.87,-319.31
B,B206,B206 1,,Guide,OPERATING,6,-77,-257,0,268,-0.052,0,0.042,0.066,down,257,0,0,rght,0,-0.042,0.06,forw,77,0.052,0,10000000000,0.3,0,75.44,27.87,-319.31
B,B207,B207 1,,Shoe,COLD,6,0,-256,0,256,-0.001,0,0.037,0.037,down,256,0,0,#NAME?,0,0.037,0,#NAME?,0,0.001,0,10000000000,0.3,0,65.44,27.87,-319.31
B,B207,B207 1,,Shoe,OPERATING,6,-77,-256,0,268,-0.035,0,0.037,0.051,down,256,0,0,#NAME?,0,-0.037,0,#NAME?,77,0.035,0,10000000000,0.3,0,65.44,27.87,-319.31
B,B208,B208 1,,Guide,COLD,6,0,-257,0,257,-0.001,0,0.032,0.032,down,257,0,0,left,0,0.032,0.06,forw,0,0.001,0,10000000000,0.3,0,55.44,27.87,-319.31
B,B208,B208 1,,Guide,OPERATING,6,-77,-257,0,268,-0.017,0,0.032,0.036,down,257,0,0,left,0,0.032,0.06,forw,77,0.017,0,10000000000,0.3,0,55.44,27.87,-319.31
B,B209,B209 1,,Shoe,COLD,6,0,-256,0,256,-0.001,0,0.025,0.025,down,256,0,0,#NAME?,0,0.025,0,#NAME?,0,0.001,0,10000000000,0.3,0,45.43,27.87,-319.31
B,B209,B209 1,,Shoe,OPERATING,6,57,-255,0,262,0,0,0.025,0.025,down,255,0,0,#NAME?,0,-0.025,0,#NAME?,57,0,0,10000000000,0.3,0,45.43,27.87,-319.31
B,B210,B210 1,,Guide,COLD,6,0,-260,0,260,-0.001,0,0.018,0.018,down,260,0,0,left,0,0.018,0.06,forw,0,0.001,0,10000000000,0.3,0,35.43,27.87,-319.31
B,B210,B210 1,,Guide,OPERATING,6,79,-262,0,273,0.017,0,0.018,0.024,down,262,0,0,left,0,0.018,0.06,back,79,0.017,0,10000000000,0.3,0,35.43,27.87,-319.31
B,B211,B211 1,,Shoe,COLD,6,0,-245,0,245,-0.001,0,0.01,0.01,down,245,0,0,#NAME?,0,0.01,0,#NAME?,0,0.001,0,10000000000,0.3,0,25.43,27.87,-319.31
B,B211,B211 1,,Shoe,OPERATING,6,71,-237,0,247,0.034,0,0.01,0.035,down,237,0,0,#NAME?,0,0.01,0,#NAME?,71,0.034,0,10000000000,0.3,0,25.43,27.87,-319.31
B,B212,B212 1,,Guide,COLD,6,0,-307,0,307,-0.001,0,0.003,0.003,down,307,0,0,left,0,0.003,0.06,forw,0,0.001,0,10000000000,0.3,0,15.43,27.87,-319.31
B,B212,B212 1,,Guide,OPERATING,6,102,-338,0,353,0.051,0,0.003,0.051,down,338,0,0,rght,0,-0.003,0.06,back,102,0.051,0,10000000000,0.3,0,15.43,27.87,-319.31
B,B215,B215 1,,Shoe,COLD,6,0,-380,0,380,-0.001,0,-0.003,0.003,down,380,0,0,#NAME?,0,0.003,0,#NAME?,0,0.001,0,10000000000,0.3,0,5.43,27.87,-319.31
B,B215,B215 1,,Shoe,OPERATING,6,82,-273,-2,285,0.069,0,-0.005,0.069,down,273,0,0,#NAME?,2,0.005,0,#NAME?,82,0.069,0,10000000000,0.3,0,5.43,27.87,-319.31
C,C01,C01  1,,Shoe,COLD,24,0,-5349,0,5349,0,0,0,0,down,5349,0,0,#NAME?,0,0,0,#NAME?,0,0,0,10000000000,0.15,0,-2.92,33.83,-19.98
C,C01,C01  1,,Shoe,OPERATING,24,0,-5376,806,5436,0,0,0.029,0.029,down,5376,0,0,#NAME?,806,0.029,0,#NAME?,0,0,0,10000000000,0.15,0,-2.92,33.83,-19.98
C,C02,C02  1,,Guide,COLD,24,0,-4620,0,4620,0,0,0,0,down,4620,0,0,left,0,0,0.13,forw,0,0,0,10000000000,0.15,0,-2.92,33.83,-40.02
C,C02,C02  1,,Guide,OPERATING,24,0,-4627,694,4679,0,0,0.059,0.059,down,4627,0,0,left,0,0,0.13,back,694,0.059,0,10000000000,0.15,0,-2.92,33.83,-40.02
C,C05,C05  1,,Shoe,COLD,18,0,-2835,0,2835,0,0,0,0,down,2835,0,0,#NAME?,0,0,0,#NAME?,0,0,0,10000000000,0.15,0,-2.92,33.58,-60.07
C,C05,C05  1,,Shoe,OPERATING,18,0,-2800,420,2831,0,0,0.089,0.089,down,2800,0,0,#NAME?,420,0.089,0,#NAME?,0,0,0,10000000000,0.15,0,-2.92,33.58,-60.07
C,C06,C06  1,,Guide,COLD,18,0,-3061,0,3061,0,0,-0.001,0.001,down,3061,0,0,left,0,0,0.13,forw,0,0.001,0,10000000000,0.15,0,-2.92,33.58,-79.97
C,C06,C06  1,,Guide,OPERATING,18,0,-3068,460,3102,0,0,0.118,0.118,down,3068,0,0,left,0,0,0.13,back,460,0.118,0,10000000000,0.15,0,-2.92,33.58,-79.97
C,C07,C07  1,,Shoe,COLD,18,0,-2923,0,2923,0,0,-0.001,0.001,down,2923,0,0,#NAME?,0,0.001,0,#NAME?,0,0,0,10000000000,0.15,0,-2.92,33.58,-100.07
C,C07,C07  1,,Shoe,OPERATING,18,0,-2930,440,2963,0,0,0.148,0.148,down,2930,0,0,#NAME?,440,0.148,0,#NAME?,0,0,0,10000000000,0.15,0,-2.92,33.58,-100.07
C,C08,C08  1,,Guide,COLD,18,0,-3276,0,3276,0,0,-0.001,0.001,down,3276,0,0,left,0,0,0.13,forw,0,0.001,0,10000000000,0.15,0,-2.92,33.58,-119.97
C,C08,C08  1,,Guide,OPERATING,18,0,-3240,486,3277,0,0,0.178,0.178,down,3240,0,0,left,0,0,0.13,back,486,0.178,0,10000000000,0.15,0,-2.92,33.58,-119.97
C,C09,C09  1,,Shoe,COLD,18,0,-770,0,770,0,0,-0.002,0.002,down,770,0,0,#NAME?,0,0.002,0,#NAME?,0,0,0,10000000000,0.15,0,-2.92,33.58,-140.07
C,C09,C09  1,,Shoe,OPERATING,18,0,-1130,170,1143,0,0,0.208,0.208,down,1130,0,0,#NAME?,170,0.208,0,#NAME?,0,0,0,10000000000,0.15,0,-2.92,33.58,-140.07
C,C10,C10  1,,Guide,COLD,18,0,-5744,0,5744,0,0,-0.002,0.002,down,5744,0,0,left,0,0,0.13,forw,0,0.002,0,10000000000,0.15,0,-2.92,33.58,-149.97
C,C10,C10  1,,Guide,OPERATING,18,1,-5416,812,5476,0,0,0.223,0.223,down,5416,0,0,rght,1,0,0.13,back,812,0.223,0,10000000000,0.15,0,-2.92,33.58,-149.97
C,C17,C17  1,,Guide,COLD,18,0,-5585,0,5585,0,0,0.002,0.002,down,5585,0,0,left,0,0,0.13,back,0,0.002,0,10000000000,0.15,0,-2.92,33.58,-169.97
C,C17,C17  1,,Guide,OPERATING,18,-1,-5250,-787,5308,-0.001,0,-0.225,0.225,down,5250,0,0,left,1,0.001,0.13,forw,787,0.225,0,10000000000,0.15,0,-2.92,33.58,-169.97
C,C18,C18  1,,Shoe,COLD,18,0,-921,0,921,0,0,0.002,0.002,down,921,0,0,#NAME?,0,0.002,0,#NAME?,0,0,0,10000000000,0.15,0,-2.92,33.58,-180.07
C,C18,C18  1,,Shoe,OPERATING,18,0,-1284,-193,1298,0,0,-0.209,0.209,down,1284,0,0,#NAME?,193,0.209,0,#NAME?,0,0,0,10000000000,0.15,0,-2.92,33.58,-180.07
C,C19,C19  1,,Guide,COLD,18,0,-3290,0,3290,0,0,0.002,0.002,down,3290,0,0,left,0,0,0.13,back,0,0.002,0,10000000000,0.15,0,-2.92,33.58,-199.97
C,C19,C19  1,,Guide,OPERATING,18,0,-3252,-488,3289,0,0,-0.179,0.179,down,3252,0,0,rght,0,0,0.13,forw,488,0.179,0,10000000000,0.15,0,-2.92,33.58,-199.97
C,C20,C20  1,,Shoe,COLD,18,0,-2857,0,2857,0,0,0.001,0.001,down,2857,0,0,#NAME?,0,0.001,0,#NAME?,0,0,0,10000000000,0.15,0,-2.92,33.58,-220.07
C,C20,C20  1,,Shoe,OPERATING,18,0,-2866,-430,2898,0,0,-0.149,0.149,down,2866,0,0,#NAME?,430,0.149,0,#NAME?,0,0,0,10000000000,0.15,0,-2.92,33.58,-220.07
C,C21,C21  1,,Shoe,COLD,18,0,-3308,0,3308,0,0,0.001,0.001,down,3308,0,0,#NAME?,0,0.001,0,#NAME?,0,0,0,10000000000,0.15,0,-2.92,33.58,-240.01
C,C21,C21  1,,Shoe,OPERATING,18,0,-3305,-496,3342,0,0,-0.119,0.119,down,3305,0,0,#NAME?,496,0.119,0,#NAME?,0,0,0,10000000000,0.15,0,-2.92,33.58,-240.01
C,C22,C22  1,,Shoe,COLD,18,0,-3290,0,3290,0,0,0.001,0.001,down,3290,0,0,#NAME?,0,0.001,0,#NAME?,0,0,0,10000000000,0.15,0,-2.92,33.58,-263.03
C,C22,C22  1,,Shoe,OPERATING,18,-1,-3291,-494,3328,0,0,-0.086,0.086,down,3291,0,0,#NAME?,494,0.086,0,#NAME?,1,0,0,10000000000,0.15,0,-2.92,33.58,-263.03
C,C23,C23  1,,Guide,COLD,18,0,-2915,0,2915,0,0,0.001,0.001,down,2915,0,0,left,0,0,0.13,back,0,0.001,0,10000000000,0.15,0,-2.92,33.58,-282.97
C,C23,C23  1,,Guide,OPERATING,18,1,-2913,-437,2945,0,0,-0.057,0.057,down,2913,0,0,rght,1,0,0.13,forw,437,0.057,0,10000000000,0.15,0,-2.92,33.58,-282.97
C,C24,C24  1,,Shoe,COLD,18,0,-3048,0,3048,0,0,0,0,down,3048,0,0,#NAME?,0,0,0,#NAME?,0,0,0,10000000000,0.15,0,-2.92,33.58,-303.03
C,C24,C24  1,,Shoe,OPERATING,18,25,-3055,-458,3089,0.001,0,-0.028,0.028,down,3055,0,0,#NAME?,458,0.028,0,#NAME?,25,0.001,0,10000000000,0.15,0,-2.92,33.58,-303.03
D,D02,D02  1,,Guide,COLD,4,0,-187,0,187,0.023,0,-0.004,0.023,down,187,0,0,left,0,0.023,0.06,back,0,0.004,0,10000000000,0.3,0,320.85,14.48,-337.76
D,D02,D02  1,,Guide,OPERATING,4,3,-213,64,223,0.025,0,0.048,0.054,down,213,0,0,left,3,0.025,0.06,forw,64,0.048,0,10000000000,0.3,0,320.85,14.48,-337.76
D,D03,D03  1,,Shoe,COLD,4,0,-74,0,74,0.021,0,-0.004,0.021,down,74,0,0,#NAME?,0,0.004,0,#NAME?,0,0.021,0,10000000000,0.3,0,320.85,14.48,-327.95
D,D03,D03  1,,Shoe,OPERATING,4,-1,-57,17,60,0.02,0,0.03,0.036,down,57,0,0,#NAME?,17,0.03,0,#NAME?,1,-0.02,0,10000000000,0.3,0,320.85,14.48,-327.95
D,D04,D04  1,,Guide,COLD,4,0,-61,0,61,0.02,0,-0.004,0.02,down,61,0,0,left,0,0.02,0.06,back,0,0.004,0,10000000000,0.3,0,320.85,14.48,-324.81
D,D04,D04  1,,Guide,OPERATING,4,-1,-70,21,73,0.019,0,0.024,0.031,down,70,0,0,rght,1,-0.019,0.06,forw,21,0.024,0,10000000000,0.3,0,320.85,14.48,-324.81
D,D05,D05  1,,Shoe,COLD,4,0,-106,0,106,0.018,0,-0.004,0.018,down,106,0,0,#NAME?,0,0.004,0,#NAME?,0,0.018,0,10000000000,0.3,0,320.85,14.48,-317.81
D,D05,D05  1,,Shoe,OPERATING,4,0,-106,32,110,0.017,0,0.011,0.021,down,106,0,0,#NAME?,32,0.011,0,#NAME?,0,-0.017,0,10000000000,0.3,0,320.85,14.48,-317.81
D,D06,D06  1,,Guide,COLD,4,0,-144,0,144,0.014,0,-0.004,0.014,down,144,0,0,left,0,0.014,0.06,back,0,0.004,0,10000000000,0.3,0,320.85,14.48,-309.01
D,D06,D06  1,,Guide,OPERATING,4,0,-144,-36,148,0.014,0,-0.005,0.015,down,144,0,0,left,0,0.014,0.06,back,36,0.005,0,10000000000,0.3,0,320.85,14.48,-309.01
D,D07,D07  1,,Shoe,COLD,4,0,-156,0,156,0.008,0,-0.004,0.009,down,156,0,0,#NAME?,0,0.004,0,#NAME?,0,0.008,0,10000000000,0.3,0,320.85,14.48,-297.54
D,D07,D07  1,,Shoe,OPERATING,4,0,-156,-47,163,0.008,0,-0.026,0.028,down,156,0,0,#NAME?,47,0.026,0,#NAME?,0,-0.008,0,10000000000,0.3,0,320.85,14.48,-297.54
D,D08,D08  1,,Guide,COLD,4,0,-113,0,113,0.001,0,-0.004,0.005,down,113,0,0,left,0,0.001,0.06,back,0,0.004,0,10000000000,0.3,0,320.85,14.48,-287.41
D,D08,D08  1,,Guide,OPERATING,4,0,-113,-34,118,0.001,0,-0.045,0.045,down,113,0,0,left,0,0.001,0.06,back,34,0.045,0,10000000000,0.3,0,320.85,14.48,-287.41
D,D09,D09  1,,Shoe,COLD,4,0,-55,0,55,-0.003,0,-0.004,0.005,down,55,0,0,#NAME?,0,0.004,0,#NAME?,0,0.003,0,10000000000,0.3,0,320.85,14.48,-281.68
D,D09,D09  1,,Shoe,OPERATING,4,0,-55,-17,58,-0.003,0,-0.056,0.056,down,55,0,0,#NAME?,17,0.056,0,#NAME?,0,0.003,0,10000000000,0.3,0,320.85,14.48,-281.68
D,D10,D10  1,,Guide,COLD,4,0,-10,0,10,-0.005,0,-0.004,0.007,down,10,0,0,rght,0,0.005,0.06,back,0,0.004,0,10000000000,0.3,0,320.85,14.48,-278.54
D,D10,D10  1,,Guide,OPERATING,4,0,-10,-3,10,-0.005,0,-0.062,0.062,down,10,0,0,rght,0,0.005,0.06,back,3,0.062,0,10000000000,0.3,0,320.85,14.48,-278.54
D,D11,D11  1,,Shoe,COLD,4,0,-100,0,100,-0.007,0,-0.004,0.008,down,100,0,0,#NAME?,0,0.004,0,#NAME?,0,0.007,0,10000000000,0.3,0,320.85,14.48,-275.74
D,D11,D11  1,,Shoe,OPERATING,4,0,-100,-30,104,-0.007,0,-0.067,0.068,down,100,0,0,#NAME?,30,0.067,0,#NAME?,0,0.007,0,10000000000,0.3,0,320.85,14.48,-275.74
D,D12,D12  1,,Guide,COLD,4,0,-123,0,123,-0.014,0,-0.004,0.014,down,123,0,0,rght,0,0.014,0.06,back,0,0.004,0,10000000000,0.3,0,320.85,14.48,-267.1
D,D12,D12  1,,Guide,OPERATING,4,0,-123,-37,128,-0.014,0,-0.083,0.085,down,123,0,0,rght,0,0.014,0.06,back,37,0.083,0,10000000000,0.3,0,320.85,14.48,-267.1
D,D13,D13  1,,Shoe,COLD,4,0,-171,0,171,-0.022,0,-0.004,0.022,down,171,0,0,#NAME?,0,0.004,0,#NAME?,0,0.022,0,10000000000,0.3,0,320.85,14.48,-256.97
D,D13,D13  1,,Shoe,OPERATING,4,0,-171,-51,179,-0.022,0,-0.103,0.105,down,171,0,0,#NAME?,51,0.103,0,#NAME?,0,-0.022,0,10000000000,0.3,0,320.85,14.48,-256.97
D,D19,D19  1,,Guide,COLD,1.5,0,-58,0,58,-0.031,0,-0.004,0.031,down,58,0,0,rght,0,0.031,0.06,back,0,0.004,0,10000000000,0.3,0,320.85,14.48,-245.63
D,D19,D19  1,,Guide,OPERATING,1.5,0,-58,-17,60,-0.03,0,-0.124,0.128,down,58,0,0,left,0,-0.03,0.06,back,17,0.124,0,10000000000,0.3,0,320.85,14.48,-245.63
D,D22,D22  1,,Guide,COLD,1.5,0,-58,0,58,-0.031,0,-0.004,0.031,down,58,0,0,left,0,0.031,0.06,forw,0,0.004,0,10000000000,0.3,0,321.71,14.48,-245.63
D,D22,D22  1,,Guide,OPERATING,1.5,0,-58,-17,60,-0.031,0,-0.124,0.128,down,58,0,0,left,0,0.031,0.06,forw,17,0.124,0,10000000000,0.3,0,321.71,14.48,-245.63
D,D28,D28  1,,Shoe,COLD,4,0,-171,0,171,-0.022,0,-0.004,0.023,down,171,0,0,#NAME?,0,0.004,0,#NAME?,0,0.022,0,10000000000,0.3,0,321.71,14.48,-256.97
D,D28,D28  1,,Shoe,OPERATING,4,0,-171,-51,179,-0.022,0,-0.102,0.105,down,171,0,0,#NAME?,51,0.102,0,#NAME?,0,0.022,0,10000000000,0.3,0,321.71,14.48,-256.97
D,D29,D29  1,,Guide,COLD,4,0,-123,0,123,-0.014,0,-0.004,0.015,down,123,0,0,left,0,0.014,0.06,forw,0,0.004,0,10000000000,0.3,0,321.71,14.48,-267.1
D,D29,D29  1,,Guide,OPERATING,4,0,-123,-37,128,-0.014,0,-0.083,0.084,down,123,0,0,left,0,0.014,0.06,forw,37,0.083,0,10000000000,0.3,0,321.71,14.48,-267.1
D,D30,D30  1,,Shoe,COLD,4,0,-100,0,100,-0.007,0,-0.004,0.008,down,100,0,0,#NAME?,0,0.004,0,#NAME?,0,0.007,0,10000000000,0.3,0,321.71,14.48,-275.74
D,D30,D30  1,,Shoe,OPERATING,4,0,-100,-30,104,-0.007,0,-0.067,0.067,down,100,0,0,#NAME?,30,0.067,0,#NAME?,0,-0.007,0,10000000000,0.3,0,321.71,14.48,-275.74
D,D31,D31  1,,Guide,COLD,4,0,-10,0,10,-0.005,0,-0.004,0.006,down,10,0,0,left,0,0.005,0.06,forw,0,0.004,0,10000000000,0.3,0,321.71,14.48,-278.54
D,D31,D31  1,,Guide,OPERATING,4,0,-10,-3,10,-0.005,0,-0.062,0.062,down,10,0,0,rght,0,-0.005,0.06,forw,3,0.062,0,10000000000,0.3,0,321.71,14.48,-278.54
D,D32,D32  1,,Shoe,COLD,4,0,-55,0,55,-0.002,0,-0.004,0.004,down,55,0,0,#NAME?,0,0.004,0,#NAME?,0,0.002,0,10000000000,0.3,0,321.71,14.48,-281.68
D,D32,D32  1,,Shoe,OPERATING,4,0,-55,-17,58,-0.002,0,-0.056,0.056,down,55,0,0,#NAME?,17,0.056,0,#NAME?,0,-0.002,0,10000000000,0.3,0,321.71,14.48,-281.68
D,D33,D33  1,,Guide,COLD,4,0,-113,0,113,0.003,0,-0.004,0.005,down,113,0,0,rght,0,0.003,0.06,forw,0,0.004,0,10000000000,0.3,0,321.71,14.48,-287.41
D,D33,D33  1,,Guide,OPERATING,4,0,-113,-34,118,0.003,0,-0.045,0.045,down,113,0,0,rght,0,0.003,0.06,forw,34,0.045,0,10000000000,0.3,0,321.71,14.48,-287.41
D,D34,D34  1,,Shoe,COLD,4,0,-156,0,156,0.012,0,-0.004,0.013,down,156,0,0,#NAME?,0,0.004,0,#NAME?,0,0.012,0,10000000000,0.3,0,321.71,14.48,-297.54
D,D34,D34  1,,Shoe,OPERATING,4,0,-156,-47,163,0.012,0,-0.026,0.029,down,156,0,0,#NAME?,47,0.026,0,#NAME?,0,-0.012,0,10000000000,0.3,0,321.71,14.48,-297.54
D,D35,D35  1,,Guide,COLD,4,0,-144,0,144,0.024,0,-0.004,0.024,down,144,0,0,rght,0,0.024,0.06,forw,0,0.004,0,10000000000,0.3,0,321.71,14.48,-309.01
D,D35,D35  1,,Guide,OPERATING,4,0,-144,-44,151,0.024,0,-0.005,0.024,down,144,0,0,rght,0,0.024,0.06,forw,44,0.005,0,10000000000,0.3,0,321.71,14.48,-309.01
D,D36,D36  1,,Shoe,COLD,4,0,-106,0,106,0.034,0,-0.004,0.034,down,106,0,0,#NAME?,0,0.004,0,#NAME?,0,0.034,0,10000000000,0.3,0,321.71,14.48,-317.81
D,D36,D36  1,,Shoe,OPERATING,4,0,-105,31,110,0.034,0,0.011,0.036,down,105,0,0,#NAME?,31,0.011,0,#NAME?,0,-0.034,0,10000000000,0.3,0,321.71,14.48,-317.81
D,D37,D37  1,,Guide,COLD,4,0,-66,0,66,0.042,0,-0.004,0.043,down,66,0,0,rght,0,0.042,0.06,forw,0,0.004,0,10000000000,0.3,0,321.71,14.48,-324.81
D,D37,D37  1,,Guide,OPERATING,4,0,-76,23,79,0.042,0,0.024,0.048,down,76,0,0,left,0,-0.042,0.06,back,23,0.024,0,10000000000,0.3,0,321.71,14.48,-324.81
D,D38,D38  1,,Shoe,COLD,4,0,-65,0,65,0.046,0,-0.004,0.047,down,65,0,0,#NAME?,0,0.004,0,#NAME?,0,0.046,0,10000000000,0.3,0,321.71,14.48,-327.95
D,D38,D38  1,,Shoe,OPERATING,4,0,-47,14,49,0.046,0,0.03,0.055,down,47,0,0,#NAME?,14,0.03,0,#NAME?,0,-0.046,0,10000000000,0.3,0,321.71,14.48,-327.95
D,D39,D39  1,,Guide,COLD,4,0,-201,0,201,0.06,0,-0.004,0.06,down,201,0,0,rght,0,0.06,0.06,forw,0,0.004,0,10000000000,0.3,0,321.71,14.48,-337.76
D,D39,D39  1,,Guide,OPERATING,4,1,-227,68,237,0.06,0,0.048,0.077,down,227,0,0,rght,1,0.06,0.06,back,68,0.048,0,10000000000,0.3,0,321.71,14.48,-337.76
